id,name,identifier,post_code,pref,city,address,building,tel,email,access_token,private_key,public_key,fingerprint,status,start_at,stop_at,created_at,created_by,updated_at,updated_by,deleted_at,deleted_by,version
1,株式会社アルファテック,alpha-tech,1000001,東京都,千代田区,丸の内1-1-1,丸の内ビル3F,0310000001,info@alpha-tech.example.com,0036f13f53d29672eed54e4ab1672edeab482d49e77b626c4a1b110e45e46369,"-----BEGIN PRIVATE KEY-----
MIIJQwIBADANBgkqhkiG9w0BAQEFAASCCS0wggkpAgEAAoICAQDFKqi3NpfiFwzG
tZJZ/aYt2U2NJNh+ERi4uLHiGx5W2uBZcTldX2hqQEBjOQjwtk2VH21fKMMYuS98
7tcrHIxph80QXlbrQno0HgO86gDa6dQoo5ZesWH5hYIBx5tSattXfDKxF82JueI1
yj5XSCVW+geR7BxFV9AQkp0tSvWjgfH2sWsYeVnHTa177CBv9hmkObOqgSvfI+eK
lU3ZdYMgfo54JKSKEJ7CcCN9xrbsBFf20qNjF+VLXECBguLtCU3D2UAbD0rFKMW+
XxjtROW+op6Rme/JzoCIIFq8c80l6dLbYxX+Pg4Y8lhB8dFIat56jn9k2gQxZyyP
ExPxYqaRJjSrjKiNU8CHvrG4Kh0C4v8NrMY5OWuAqLmHGmtuprJtSksLvdcwI1vw
2fxt10dFRMYHW2tCJh91Y1Yq24HCFRSxpoCb8MhlrT43uGwkcNTQD3tE1/L0z3aS
sMDais0mCzTYv9FUa0CrQLJOCKV5EUqIEg3lKn7HNedFOT2pfsTZB0VZFkyP2NLE
yOkeAMOu+zTa4/HG5xMGIJVDbDOPBAYW3CTm494oHeaqMI6+J7c+QzABdq1M/P9c
jj+N+Vwl7Q5ekT1URTsPG/QHxe2xCLWFxV9z/1h4DksxwWTSPhlkY+bKKgpENESU
nHx7yaXCPNBSoOlKBZXCNeaLT0NAVQIDAQABAoICAAdqV3vDNQrUT28zygQncDYT
kQFIzE760/aylOzKP1Bd8rJ6edauAsPS6c5cM/QLBIz3aHTRQtEtudWq4p3Po4+e
g2hlBpjaNbVlwZc70noT8Z5GVMlNRkA3tLreEn89ifABjviDytUDZY4crqPiu0DJ
A5A0lKBJBrLGM4d4umytXk0nFr44u4HYRTjpbxOMP8z3ke8iOjpYuS8doWwXKYOH
Lv2MHJdyu5MthjAx++mRhOtsDagURdPumCB8LI5ksK+NKVuQg4E5y4Ihmn2Qqfa1
sAgNhZa4n7M+9Zqr3PXa6aAbBcCQ/eponEgn+5/hIRVJQbeoeXWQNKf8PDOdFbhD
6C7GJ/4BHFJNK6KOD1gZORviLjfIXmNilKqOEJBDnGo6EvS1/CAYsFouStBj07Un
HAPqHBtX+N8JxRGEZfjOcQLuO+S/3eYJiGNaC5i9g7CYZiKhHStzBLUORb5DZqui
cYHgVPJN0PtiKzimC2Fxdevsb3RKF6crRBh1Ov9DGOpeO9I3G3rql563fSwwHgf6
25cp8/BKZmhlrsP0Y2Ph3zTvPX5FK1GckJrTnchar/hWSz+AlfeFrtulZxDHPete
gkZbXeJlamJizIRJ4fxnGZV41a4GfCzV42ohy1drO4z7bjPOiy+8kHSlDR8KGxsr
blyFJEyYYcRPX1bGEIXhAoIBAQDniXR0lpgEAhDVLv9phaOE3j3HAe/dLM5+kz2h
tggLHPrtNpZtPuKtJ1wy5H42QGg/DHYxvaRwyY1Ly1zO+8cdXmdTxl9l5BnUJg44
uMKKsKN9g2lKGFfUoi9ahdNf1Yw0HKRJiEeT1ag4ScuQ3IYXD/cTAvPL3VJPdy9h
7uxrC5CWKoyfLEp0u39MTFWCUHQc2E10vS8dXb72asog2zzbFrtT7ojkWVPx1nQX
qTi9PH/tEIQNDrtFORmBYAT3Whig9KDIP3D7mcObdbpdF3XtBFlF35xeK2qmvcVk
STSP0wOR6kd3+BU3QzMoAwvCMH5qNAr7QOdGRTK1VT2TTcmFAoIBAQDZ/5Du5W/o
oM3TywC5m8UpahwMq2GNCrRZVOx98PcucSEpqsR2iduCy5LNhcjkO2bdaMubMi6e
7mQJD1GpWsUtOCoZy5mtxhC9rs6gnNl7vjSyXb4IHoOv+0a5qenHCuF5o7nsPObR
gLuPkopVcEU8CetnoEn1TehvxDlcvS2eL8ZOSqY3oSAdW5jgNZQ0VwEZS5qEMShT
xUsr2G07AMXMl+Rf2kI7qZVvU1EYb2ZQDDueBUTTWmP8dNFqp6x/EhqvewVmXjV6
0FAJFKY9B+qAzVjoNcliLkhfpnx+DUc+UOFm8D9iq4XBYvQj/TXgxaRbjEXmAEeI
xHMQgODhcGyRAoIBAQDCBG++hrbJnQWH7oL+ZIq6exSfX2MlHjfG3xElIgkpbtZh
0n1I/AoseLAMwWV1hpEUTBf65GQYUvyAx990Xozickn5bGBiXDq8iEsggsoaN5w4
P9cJzM5EksdFfqC6TJLY1Ctiprz8B2yYBlZ7hB8k0i8DElVCvqoLht8AnJoltSIq
g2skspONr9QjFlANC+fQh/yX1zPU0sqDaMcJs00SdcDxuw+g8a2jGEZd0WKHSFwW
ReGxo2ePwSI7RD/FGg1LStI0Gt1NJ/M+oO9StKcPvrYkFBXO32jWYm029RUDdBoo
un267PqyPTBv1eWTitlTm1qcYi2qt6+fPdeESQmVAoIBAEe4Hb2KvEODS9QG8Gkg
B0B1yV6dr41QXT8agmd4tEmSLH/hz5rUBeTFBroY7puvs0raZEndu5rMARs97/bQ
hxg2ZxtvcVLLW8ybyxzqHV7pl7qqvo87QsXN3FnOvbufJ8j2BX/kFWgNeydj5aDw
O8bh2JGSGWLby8Ghg+Gv12c4fnxZcM/ScZdXADebSPPjP9hLmD0vUv4kZXO6U01b
FrgVrKugSbQJOcGTXpW0aKujKqX1Q8xo64YuBIubOFPh5+ediIxCKEQMbpheM8bW
aN8RL9PNhkCHy4W0ZzatNagZwd404hWbKnkSDhIdBvG49DauMnzV0LL9NoHSdKmW
bBECggEBAKQvlwG8JVqNNzvwizzXrZ5zMYhw/uac2rhruB9yS4r0qJnUYrCzM2VU
m1x/hh3qTWPREqfPGhtDkvjIyWwN1q3lmG6HS3IQW3HRm84+M6mLrEfYubnIu/Bi
CushLh14sTxZnWf1F3I5tcR+6TkNctaREaXi1Oca6yA7ZM+oBpOI6Bk4Qdz/hME3
5hYt0gETFmzehRjvKcx8nTdxtR4YeVLvZBahezm73yPvRq2zYpHSSaqi/4MDure0
OkUxUnAZPRRB3jE0tejx5toJeyzqpYPu4GQsLsBER4eju+aLFBUk55rBx+zUZAYt
Y+GXkKDHKZLdCt016ig0aI7Vx7KHhJs=
-----END PRIVATE KEY-----
","-----BEGIN PUBLIC KEY-----
MIICIjANBgkqhkiG9w0BAQEFAAOCAg8AMIICCgKCAgEAxSqotzaX4hcMxrWSWf2m
LdlNjSTYfhEYuLix4hseVtrgWXE5XV9oakBAYzkI8LZNlR9tXyjDGLkvfO7XKxyM
aYfNEF5W60J6NB4DvOoA2unUKKOWXrFh+YWCAcebUmrbV3wysRfNibniNco+V0gl
VvoHkewcRVfQEJKdLUr1o4Hx9rFrGHlZx02te+wgb/YZpDmzqoEr3yPnipVN2XWD
IH6OeCSkihCewnAjfca27ARX9tKjYxflS1xAgYLi7QlNw9lAGw9KxSjFvl8Y7UTl
vqKekZnvyc6AiCBavHPNJenS22MV/j4OGPJYQfHRSGreeo5/ZNoEMWcsjxMT8WKm
kSY0q4yojVPAh76xuCodAuL/DazGOTlrgKi5hxprbqaybUpLC73XMCNb8Nn8bddH
RUTGB1trQiYfdWNWKtuBwhUUsaaAm/DIZa0+N7hsJHDU0A97RNfy9M92krDA2orN
Jgs02L/RVGtAq0CyTgileRFKiBIN5Sp+xzXnRTk9qX7E2QdFWRZMj9jSxMjpHgDD
rvs02uPxxucTBiCVQ2wzjwQGFtwk5uPeKB3mqjCOvie3PkMwAXatTPz/XI4/jflc
Je0OXpE9VEU7Dxv0B8XtsQi1hcVfc/9YeA5LMcFk0j4ZZGPmyioKRDRElJx8e8ml
wjzQUqDpSgWVwjXmi09DQFUCAwEAAQ==
-----END PUBLIC KEY-----
",SHA256:Tw02LCoaRKvso0p9YKm37NRgzNWqiBCzn/3KPOz41No,2,"2026-01-01 09:00:00",_NULL_,"2026-01-01 09:00:00",1,"2026-01-01 09:00:00",1,_NULL_,_NULL_,1
2,ベータソリューションズ株式会社,beta-solutions,1500001,東京都,渋谷区,渋谷2-2-2,_NULL_,0310000002,info@beta-solutions.example.com,eb0890e75c655688c292cc2b99d354dbaf0e2c04533ad1619ee7ee56fed4dffd,"-----BEGIN PRIVATE KEY-----
MIIJQgIBADANBgkqhkiG9w0BAQEFAASCCSwwggkoAgEAAoICAQCS/JQtqmxEV0mQ
tTFYikERYblptePN8HJaE1bsEFTTwMerErveHartwYvXgA2ruJMtqM9KSOpGOJKA
PY+dPKc0oWtJgIyMO1YZOCJcTd3n82R7p0YG6HzXabEgIH46iT6y4Jk3liLnT1LK
251PNistkHm6kV8AtpeW+Wmf//QPnB/O1fdDFv7hh6bmg9ol1QW+1nqyLK1iRuHB
D314G6mTNBYd6pzV2FUN+1A3eRR3dvKDvESZNIrqxwHVdbjgixYQqO3rJnfGm7In
CxcIj0nLBbQckSrk8eQ6RYzx5kIl1ccRccLqXvRWUYmsxF/I2Soh8JgWppC+KcWg
x6VuTCdoesrzo4juVY5OX+ICWLec0TqVJgIl5fX/sTUo+2Afu0mKrQLPPikBCQEW
caZX1t1a0byU02okBtyM4jQWkF5tD7TSeutT8nzLgnmaxKQ12+iBhUJ9839OugWs
dRJWDiInn+nqt1gsHVJ7LgwIYhoEQGhnp3PkmaH7yRUykDXdZmaF38btCP8G6HbX
iSIsSq1viQUws+Kv1E6SFBbvm5yUa08lBY89MePRTB8P/DTLU8VMA19HAxVA3fWy
J+5mTVgudttX1f4x23QHgu0XfcopztGKzv4XHVNreOdt6d3DvrORXB3qx83be9w8
DdwOocbs0+P0BjXDUQtVt7fuincaDQIDAQABAoICAAPE6RJfHE5dRB5vesbDB8VB
TWBye4H0hkZt6WVXKXhe5QIA8Edb0Kr7qm0OPODXHvDt92yzZpDxahq45BMg6EZ7
mIVHsyyOVzySQQilhEKZh7PP6dt+W/zsIr95yhlD+V/s1ky5CvqwXtAr5ABeCIjR
WWOhzwVbfqQdfr2JPvUthDuxjSGNqT1cCGParNnE6Adgqq8hcn8I9p4MRQHEKweL
FfSjb/Wszh4WXkeIBJ+008g2KBSSmfzzDuAlqRk89sGWRx6FzuhrQ78n1AN6z9VR
hDlMPnxPvRqLKqLL5eJG02l/3zYgO7CA94B2bmkqu+xJnZO8L0CcUHooOtzxX/xb
Gz8oLUqSLcvrkoJrPvrxystWnLEhtNGphu1Tf7QmW35Nl29RBr5AAGtCYECYQTkU
NfsLkSbEIS8jrtp2hnmwGyS7C62Gm1JgochmNaXm386zz9WT+xffxaZk4+YaYOlY
E92EPeRMRRnYwdDrYoE13WZwL2Wp2GzyajnG4bMHPFpeW7na2sNcnL3lXr9yJ4yF
gDWxjCknMwcixbr+9T+hU9aq8xYSAcsEm4wtQlKwiuiiMoiDbikhhUBjZ9VMrNdc
WdGpF78waSw+ZQIvn8IIfy+qvzVpwmFzJnfeuxZ4QSTLN8LeZhcwienKRzotQI+o
O9/HI+AZKoTvU5Zh81kDAoIBAQDIIIKVScNc29Wk7cDMAHIHFMdTv/vgwEhTKWNE
G+x1cfdGsKAjEzjBGloBGzW+ZHAxbkco5n1a9pbNkD9Ck1AVneYouOJK1C7kvvcb
+LvH4FR0wmS9GgmYRBDmfEEtk6JGsiaZyjohXCh34MJ9djVFrUQIg72yKS5i99qH
Zfm0GcwA1K9UJx8RC08fSW4MeCEnnD8nvkUPVWCEGsT/qiAgCx4w6O5EdQIpplIm
SNm/DJC/Z246OiiiQusUgtPFvRo+2mdQZa/2E68nCFp9hZRFQOXv5on829vZT4Jx
OCATZVVBMVy9ZP/7U7xTSwKVGZ8Ly6LWfAFUeU+OVA1UomK3AoIBAQC8BgSAgxBi
ZLe33hK4XkJHKemIv++eEeXyo9mdyD4HM+IkIhUJuHgG3cuTrdfo9o7RLJ1iDoJ4
f+zro5m3F88iXvBf7Pxsp3Yo8viZV+Wf5kf7tPalh4p49MpbTZQqzhWm54zashzG
PFixwyD9FchARyuQhbeLd2whWiZngkLCkPgTUrRK+gZkc4izeeFHSGRDP76MhmPp
F/lbnTq1A4Wl4uMHqq/yfFEjP6qBBfl2LLlUeb8rFkPvMOKG8Ef32zbj4qJmf8L+
LSONH6B0YICjuioYBr7JO+HKVEwwx389oFKqfHzvYJZzorH6gHHmc6Kw3XM6251h
bNXPdNpZgxVbAoIBAQCAq+5pwBB9LtcRgNAaGhs2lFSIc4KmAds+pPiu/OkupgTg
DYYYpy4xchj2ZyFJ9dfw4D+ee3uTtcJGDv2td3vhOjGWczED/aLc7i+Ba46It6J1
o9sTfp82qGTZXICnpimLHNYWwWBYvKFEWl2SPyOHVhzNAK9B0pqBhWya66T9+Cwj
SJwmFjUyRzwrGJJKMB7ZEevFSN+sOS+iIHgTDbY0BBH4TnuLxlOKpeZhuStPW+vh
NMY5Z9ViZnYxLOCuXaR3TwNoPMlDBWrzRLqxw+YOFOkCMw77ZfzXnvh2hSiSb++9
x9gh6cNwO2l1gF/7r4qEEfzzvK06O/k7wK0FgpbHAoIBAF0k1gIb63fy0RhjCP8Q
ouDCIJDAFKJH15Q2G04Qrrm+uB6SS72/BqbQJVOJYVZlHib9ZRH4giXTqbiqGTIc
t14djhLXQc1JwD1U8FZ2tqhZ2fsVkMI7vRtimQRWEDqMUSmXt613Ys3Jg168fZEi
w0skdq5nr5+Fj6mOEUxhuVTNoDdiVzJ1XclRerz+ed1oPVMbNvhCcyg72inKYBTg
I8sj9LgNlJAZidBeb8bvAL/MNBtnHI7pvsm1e+LBEcX1cOG/mhgQ3rYwAlac/k3o
qJFzXfr9DHKAGcCztfLMQXpz+7+9X97uCFpMlMK18rbpPgVEDxtvRC3JTrow9yI0
z9UCggEAXN4hYILs5aA3AGOUTZPaJe1ao0xkKaK9Zt5kr0ocziReLHHDoQtH06kH
WWtbki+e7IUDvCo79Va2SO2FRkcIyyIBtpb9+dUmmVaPjmTqLhR8hsX3AH/7hi+U
qyBnm28ImnhnxMzfYAS70uRZdVS99DgCfhxB42D9ZjPPOoOYOxPyKp8Vk/D36/a4
x48E4PKFZW5d0lpD+/kBW+m5kHIuuDWRSw19q7je3g+q1MA/WpO+dnC17Fqr9dss
CVnWUDq7Znzdm/aDGv07uxM3xatAYb/0Y3Hti8aY7lIu+CEA0iMJdQj0YTg7VSkS
mKKgMNHuvT9lNv8PpyKcCJixjt32lw==
-----END PRIVATE KEY-----
","-----BEGIN PUBLIC KEY-----
MIICIjANBgkqhkiG9w0BAQEFAAOCAg8AMIICCgKCAgEAkvyULapsRFdJkLUxWIpB
EWG5abXjzfByWhNW7BBU08DHqxK73h2q7cGL14ANq7iTLajPSkjqRjiSgD2PnTyn
NKFrSYCMjDtWGTgiXE3d5/Nke6dGBuh812mxICB+Ook+suCZN5Yi509SytudTzYr
LZB5upFfALaXlvlpn//0D5wfztX3Qxb+4Yem5oPaJdUFvtZ6siytYkbhwQ99eBup
kzQWHeqc1dhVDftQN3kUd3byg7xEmTSK6scB1XW44IsWEKjt6yZ3xpuyJwsXCI9J
ywW0HJEq5PHkOkWM8eZCJdXHEXHC6l70VlGJrMRfyNkqIfCYFqaQvinFoMelbkwn
aHrK86OI7lWOTl/iAli3nNE6lSYCJeX1/7E1KPtgH7tJiq0Czz4pAQkBFnGmV9bd
WtG8lNNqJAbcjOI0FpBebQ+00nrrU/J8y4J5msSkNdvogYVCffN/TroFrHUSVg4i
J5/p6rdYLB1Sey4MCGIaBEBoZ6dz5Jmh+8kVMpA13WZmhd/G7Qj/Buh214kiLEqt
b4kFMLPir9ROkhQW75uclGtPJQWPPTHj0UwfD/w0y1PFTANfRwMVQN31sifuZk1Y
LnbbV9X+Mdt0B4LtF33KKc7Ris7+Fx1Ta3jnbendw76zkVwd6sfN23vcPA3cDqHG
7NPj9AY1w1ELVbe37op3Gg0CAwEAAQ==
-----END PUBLIC KEY-----
",SHA256:zmFMpjoTLr5isLFKslhuIijSUYUusjhHZfhcXxkJv4M,3,"2026-01-02 09:00:00","2026-05-20 20:17:23","2026-01-02 09:00:00",1,"2026-01-02 09:00:00",1,_NULL_,_NULL_,1
3,ガンマシステム株式会社,gamma-system,1600001,東京都,新宿区,新宿3-3-3,新宿タワー10F,0310000003,info@gamma-system.example.com,c342ed1b52db7daa171d6782db1d21228e09b6f0767ec7be781f945b48f6571f,"-----BEGIN PRIVATE KEY-----
MIIJQgIBADANBgkqhkiG9w0BAQEFAASCCSwwggkoAgEAAoICAQC+N7UN7vOD7OdV
ZkVKzu3KRi0e3ioxbfrpsueEGudG8ajX/KzQbez/C9RXLdPoAS9FIfc2uA3J3Jxh
5jL9L/AMUmNzV6B1BbTWp17ukGKrFrArm9D7Q6vMy1CU/2J1UdJm0m7dp3Ou28bh
0/h481FUfc4P/sqHiVdaonG3YKxUT3FHmOl48PJo2Su76PcxRKJbVd+86MJzIlrp
+AMxKUt36wZhPQIcUTbM8brwHloPZX0Ngq/6n5lryXm1n/XG/f52NwMkb7RgM2C9
tnFX3E5AE2sBZqxE7YkcNnoT6rOLjNq3AiXRaJwNxnjmGsofLyn5PQlqIi8BFDYs
6s+s/PFX3dWjThUqJWJFdAGqtTtBSuKHjNGorJH7/gHrit1EOefQjZSJ8PAHWrGc
o56XZU2f3e8F92IbVFQi1rjHlTnOJRzDe6MRItiNm/nzma4XFxttUra/8DPlsA0M
uSkoC6gSTinnp7UOVGFbdnExP2qkuecaE6Tb/8oYw7FeTOXqrAjYBk7y9x16U3LM
FLGN7IJEiDBcZ26MtSADJJIwh9LdP0+tEkBZD/AhD/i3BlUAYhh3DSy3P7GMCpUF
+ajO2/TPeVEHxU5yrqLDKRQuA9KswtBAPweautnUKN49iUkGtJ6mSioMtQ8pVKJ7
Lcsw702fOxpin5oBcFd+t6H8LLSXDQIDAQABAoICADb+fRqDqKTOI821bTglHmua
IWZovdMfpGjXgAbaDl6c9H9Jfp8eAOR2A5SW28qaORPoL4SC7v2bCh1lw/0eVG0D
jtwki+/5T+C1cAVR+izTuOhKur9CP9PMPkZtlYYsu0Nd+I6d4Jy/zr6wnYg+dJeU
bbSDKgPIidha2by2NuyDMVGNXIbKRpNYokPIJVt5p+T3LWH8+2b1GkrFmQqoETkg
2m3XiRotwsW655yPceM8qMx0qbMwXFdk3wrLLfAzs9NysTZiE0iy4ffHXPqVZ4wv
8QJtMEYXVMoy19WVSAaDGSLK/KsP7voulPqV6TTd2mlEI8orCuLpeIZA9vzg/lc0
r3UK8RwHAVaWA4uKwmuYtdjZNkPyYwbO3FZc8Zd4f5TKwG4LnZ1/T4u8Y73qIsPd
1W5b5wsB1IA/Sx1ps0Gf07U2SyXTbkjxO5UELLnkDSQMZ1i/KAQmWuQSkZWHFubY
b797MfbUE5necMKWlDssDHaFnZ345PAJCpmVKiuFKbFXuTVoh6CuPIxyLeiwokud
/jd3EJ6p/uwQQp33uvzJsHIRSrXI6w1vFZ9L/UzsmbUkJxtG9k1iDcSw8Iy//pO+
lGjstB/iGGjeubgLBOg5AUMlNz2Id+/uxWj5IV5czkC7x6CqS8MYbBlCtiJgw7hF
geuPqc5e29i7w1lULa0DAoIBAQDpYwbhpOlrlHUBM76gmfka8nFSA+PuVtUcI0Wm
7M7uXf8bYJl0LjqGP2ZKpbnYwZRbPEjsrvsrJXZJ8Om8ExiWJmtBb9SkrVW3pRz2
gN/s5Z4iJjhupjH2fjjhHr2n0Tcje6qefY8eFKzYgEQuAprBMvdL9gpNoKnFfe0K
F+jZkqMfW63tj/ORSPe0K9WlYVQL9GcXx1bs+hPGJmHMspqhNjjNxdkx0th2l4V9
tG9W80dGyc5wg6P40gLTXkc5Z5BJGnXTgqnnbrpCsNb/jvGYncG5EnkyzKE+yjRE
P4nLcC2RcRJ8u0x8yfe3ICanHSdPjgF4i1orjb/HpFtQJrVjAoIBAQDQpecL2lk4
P6Zsp7SdHmqM/uhaLMFuSyH+KqT7OeRHtRAgP7Jc8XOy3So1cflc87p9iitEVRAq
YMBmf8aZKSZ7fsPNUtESi5nTh7X23E+FgPMTCaPaJgHy2BXRmb7z/vwWp/GCm3U2
oarJOM+fdrOnD78RUOjcRSi8aD+hpFK4uiWPv91/yYoca6/ED1oBD4wdY50YCmlg
+9BKgOGz1mG5bBxxUxfz4gGJPXAtD83PiGo+6jB9tqyDx3lxRiZSPp3Bryfm2fg9
R2IM8oF6g3/180mkNdM7dvpcdvQtrbwWBeW/j571/U5JMZ3AdcBihV8F4q/cIH6G
JQneOrlUYiTPAoIBAQC1/vUEzPcBX3mGgHVtA+UPsHPSAxqhZ7E0CgVs0Enl9ALV
tJS11r7opVP9bhLpBrvMEczEVQekc8g0jNuYQEPyAu+szapC6LBpTyawy3rTX5Pb
CXcEQjHACFoOo0w+K5YV43//q+YJDRJkmlGQl5NaiYXzBGCwfFMnoLVSI6b+06zE
7VdKY/EKIJ6ZL32hQ66oy+QA1P/iOHlnEdM+LyEKCiBtxpVClysZ/7qndidE5N12
RDTp5J3fkNWHQoPELhCEEVBEqiYYRW6WRxTBoRShcJP64H8GsDAlqMTtW6b2r/m4
6zYBcoWI4m57rWS2+LMJBLH88J5WTGl7I53ZePYFAoIBAHT2+/3eCrQIooA4x3xo
56xg3dpnSoxM3CKCv3gCbSFxtDeP3apSxNxZNWc+nF7qVvo3cafd07EeCd2r9aY4
tlT2rEc3DPNLhRFa+7wGpyGdNybN+ae6NM9xKVIV0UExCRqeTTo9cckNehNRoLqx
LWcS4baQV+nbb0mnWzx/RMw/tfzOvxn63kyuZZsQTBFaKN70z8UBWS/AGnUZqO1K
2f+7RnqU7VGPufK4mWD5ghO8Umswl7xxomZBdaf1flgOuBsy2LiGKq4XjTTa4ZDP
lPVIzFicv+yO9yzMlnfg9BaYecIYfjFCLhfEE74nhJD2WV2QRauuH5+Ntel5nBlc
52sCggEAKorxmcWj2u8e6a8qNDbXlNfwQ24Czi5mi0geU7nmorbtWKIEy9aQbqU5
BGywSVds0EPZGPw0yRk0IK19pZe7Zn4Au/lhSwrE1vXMTVpuYxtf1dYUROsLs0lK
1DyY4CfjcBJWtTZ145Rv/zg3MI5wew16FDaFwwENhZypUdXeYOzfLIXjJ6zIkgvT
TJPrgPsm7zp5zYC13wXkZyXMrpNTHwHJNsNLpFfQtcBWQKKBKCWMFAWjAS3g4Fcu
HJNGbKp4/cU7tC/a2hNKANAYbZ0XsbUiaj55R3W1jsRcOHoVeNUADojLG7HGy5ot
H/I6jIdam1lUWWX/TQ/k4AxRy3djYQ==
-----END PRIVATE KEY-----
","-----BEGIN PUBLIC KEY-----
MIICIjANBgkqhkiG9w0BAQEFAAOCAg8AMIICCgKCAgEAvje1De7zg+znVWZFSs7t
ykYtHt4qMW366bLnhBrnRvGo1/ys0G3s/wvUVy3T6AEvRSH3NrgNydycYeYy/S/w
DFJjc1egdQW01qde7pBiqxawK5vQ+0OrzMtQlP9idVHSZtJu3adzrtvG4dP4ePNR
VH3OD/7Kh4lXWqJxt2CsVE9xR5jpePDyaNkru+j3MUSiW1XfvOjCcyJa6fgDMSlL
d+sGYT0CHFE2zPG68B5aD2V9DYKv+p+Za8l5tZ/1xv3+djcDJG+0YDNgvbZxV9xO
QBNrAWasRO2JHDZ6E+qzi4zatwIl0WicDcZ45hrKHy8p+T0JaiIvARQ2LOrPrPzx
V93Vo04VKiViRXQBqrU7QUrih4zRqKyR+/4B64rdRDnn0I2UifDwB1qxnKOel2VN
n93vBfdiG1RUIta4x5U5ziUcw3ujESLYjZv585muFxcbbVK2v/Az5bANDLkpKAuo
Ek4p56e1DlRhW3ZxMT9qpLnnGhOk2//KGMOxXkzl6qwI2AZO8vcdelNyzBSxjeyC
RIgwXGdujLUgAySSMIfS3T9PrRJAWQ/wIQ/4twZVAGIYdw0stz+xjAqVBfmoztv0
z3lRB8VOcq6iwykULgPSrMLQQD8HmrrZ1CjePYlJBrSepkoqDLUPKVSiey3LMO9N
nzsaYp+aAXBXfreh/Cy0lw0CAwEAAQ==
-----END PUBLIC KEY-----
",SHA256:EcWGs9Xqu7YPHKzbUsp/b6dTeEGAzqFQpOM00cbl/VM,4,"2026-01-03 09:00:00","2026-12-31 18:00:00","2026-01-03 09:00:00",1,"2026-01-03 09:00:00",1,"2027-01-01 00:00:00",1,1
4,デルタコンサルティング,delta-consulting,5300001,大阪府,大阪市北区,梅田4-4-4,_NULL_,0610000004,info@delta-consulting.example.com,69ca01f910dfee3a2b088334085be9bef5bc36dc77f245be405113d95ff5bcf3,"-----BEGIN PRIVATE KEY-----
MIIJQwIBADANBgkqhkiG9w0BAQEFAASCCS0wggkpAgEAAoICAQDaWTY4fbW3Rfij
YVhquGpEJTmByhI2lwiqH4XhSJxtdDEuoksETsM0akjxrs8HEezJpy2WylmRK8JJ
MEEoYGXXQiDhLC0Sub/Bp9eq9hiPIPJZnFWoouoX2O3FoCg81n0qwi/YZO0MfYdI
5Iy91EAyO/KAgaYmRDJLJefsEAnr/Z3qOwowPkxQ5TsDx9CZBzxCIdnpMghNBaF2
0UKcfjnvjWIzCbOEZgV9ZLDiR4q5PrFJdm0F4Cw95kgrxXAcgH6UVy7W+fbeRCR4
twPUEfZcB54cdftFy+yMztRP8Y1AJtoixncEHqhkA29/srU+8PlLxaj3Is22OpdT
X6PDTIQTYqzRl1Ia4BOT1EEKMCGWpIuzrzCUxdszeAgiK6Iq3E90T75mR+WFUPf1
UzB93VY0RiZrKBOzVRYX7iuZzKHGGnmqt4KVx8fWxKRUxrUaW7bhfImrotiZ9uG/
oVqHp9Sou9T/hbwM9ySTJnUdB8e+vXsY49dt2aCKakHCK6hW58kafiRKM8lvwqIl
03xS8GrbtBZqWRXewt/ziyvpEs2WHoMnsS7nhSpwQQpzijbtbPipil5pZk5VjJyb
32OGmBMdDZBwf3k/1cTXPELJZ0dp6rozQ5l5ZqZiI3NfHmEOTyTOwAYb+IEUCulE
UfBjoP0gQM25ECYfT2YI34qnf6e50wIDAQABAoICABKZSfncSDMPgSZcwsZ6y7jf
Etu89eAzuhRqEWInNTiwwdLr40fypyrUnHIGjRi+rIf6XYyPbLtMGh7x2IFmWxM2
GgB6kTxPGWGXHzliZqUkDhpKXsfs8joly3S4aug28C9JBM2B8bWZ27Qx0Gs7CsM8
p/0Ap8GkSkRsbim4rZ+uDFpI8FoIdHSCxVjrfeRxeu7tkApB4MMh/6bttdoIRn18
clwc/DwC4X5udtxPciZlWLFq2c6H63AHKMHRusL/jvvdXhGhwsC1o59Et5n3QOzs
TGODb58T+vCwWkiU/Fso9A74qM3V1RiJa/q/1jOn6Xqy04Z5lUKe3jtgoiprxU2/
amYMvvidI6LZO4FOVF8CysRrD6u2DmXAlT5XxlJuxE2GlmMvLH0f7L5hCjTlKT/y
O3hD1ycG5kz7ObZNyWBeEE27+UgXXBYiupbYgxh40dDCcvbm/bqdxUw0rIg+3YpR
eu6CSJkIoVhFlv1Q5mdkhVFr9UkxxNX+lbnAD4fQVoHaCsRw7cHgfirJkXmLX5WE
NtKJh5q8zOJ32b72wigoI9yr1smQJbcu7We56aIotRuoxuiQfpyhO3nu/CQogiXJ
xX78MB6JNQk4LMBwLBNIjY1za7JoWKhEFjOVqAW0we8YTT87PpUA4aHCRAcypTpk
Xha+ctVPanmKnHbA5T7BAoIBAQD/8gqgVbW1aWDpUWyneE3ZR2YY0WTS3MO1LysK
oy0Wt6Fr6Pd0UIJpMy2gaL6n10G5/HcGsuq+VX3wunMTgEj+4jsl9F+dd7yjGaJX
fOzqxWo5nbLK4wq92pdh5yfeUa7B53D6OVsiy/GhFLSFx2EQI/4SAdTd+iCE2HIU
BOtBKwfLmhaqzSwTqYWAYxxAu0ZNtukivobe+Hg32n7hSU17VVR1yT2OJr+3FZjk
YPJyybZJDNd/MpzmdGwOtZNwxguiiXa8tmeq3XPIReggL4D0ToSBNDMQ0BxCw4zJ
TGzyafMZELdi+wG94PKNsUOi7LncJGwAtIIApXszqcv7H8f1AoIBAQDaZR6vb8k0
0Ms85XJhJWhPQer/6lwT14VOacfLAjEeufc5Wr6fNVr4odvUua43Hy5VfaGwtAEa
NqDRLzEXgPV3RxCAI0RMBRUfYXZYmtHWm3kezEk+nc3xfibWMwUpcFvT+SZ7e5Jx
VGhD41Hp8qG0+aXgkX2odiUPzCGs0j0Qkoa/wV/UdZGc61eM3jmxP5Mr15nZf7kg
0k9ze4MeBXiEsQQvknet96/iv3/9TtwgXweabEorwBAeC1pCRsoSP0dQiRr+v5B+
iFT6y2XuZeTvVqSEDITiWna/ObSV/1g1tjSgAlP6qMQJOYFane4DN6TVj5/WbwVS
SLDN3kzaooWnAoIBAQDqO0+ARpBCEsuPG2ZtqUrNg2srYU59L26n/R/N32HfPXSs
Ngto1llS/3RNLi71majcFfG0Hr94KvNUAL5Z5XhoUxBAfvGWQcNQHKCWooyLmtnJ
GspKpRfqggcyoQK6klR1vmKFjUIbiTt76GABYmMxC090mVp/P27NROy553qJLGE4
8q6154jkAatcwNdVYk5HxxJ7KpRxsEENFJgzgws2yPO/y8jatBmV61z9/L9FT9bT
6b25+c7flUJi/8eMWKLDQDx7Hg+nrn1MlrWF5xOEAet/9w6Y32xNqXrJqni2LUI9
+S9rlT2V0S0JgWXdz/mUP3zb9FZZUxh6QnWcQAyVAoIBAFUJNo986U1FVz1Y4dZt
qFXkBsqqyDt5mZBUo9Sp/9JE+rw8VyjKr6dL7rq/qdQQsgvbpQ+Wpy87whZxV54d
Ona9FvGtybQH7pePbXNGpRn444pYZNSawUucoSaaKxJdi4PX6WH/VaAHC6oTYxvC
u7Ap3Kq6O8FSb0/dXeda3SgMxab4doXVWWNOR4K0LKaVaIqTonYLw1vCR+lhWEZi
PvD7s/OKBkuYu8WAZyeMgy2fkuhP7flnCV+JcBWKVrgQJ4Z2PCqhEHQURXJ5rDDN
P/zpMZmw/jTcoIwIvgYBrKkNTyRWg7h/6gTlfTZ5c+mQyv/UspneFKZbY2xleGtR
CNUCggEBAPsnbG6deWYpq08Ed0MJRE2xSGMWwgrQ0k2HMbPXYeVlPftvpp5Q12z/
LgmWF22RHoHl9wNtjp8LpkwkZqdR3A7XGyo4rxWehb4kUDi44xl1DQmXt/0QmKjH
VYQRmAJAA6XP/1xXsHz4BbzG0bOjBW/6Xku/oLaYXEtaFrLZR0n7Dgtzs/5FKFu/
5wRbzl0RK9cWYFSsIeLp+myrHZmfueGXo1yWUyDnoOBD7KPcCSyuiSXzZrD+kUyb
2XCcTyNJMb6FH2bq5ODop46KKKvMLOkKNfLPwMDCs3zINZjVJgfGzLFHssHl8zX6
c0+NJfUsdZEWJ5ENOZQ/GC7hXdE+DsU=
-----END PRIVATE KEY-----
","-----BEGIN PUBLIC KEY-----
MIICIjANBgkqhkiG9w0BAQEFAAOCAg8AMIICCgKCAgEA2lk2OH21t0X4o2FYarhq
RCU5gcoSNpcIqh+F4UicbXQxLqJLBE7DNGpI8a7PBxHsyactlspZkSvCSTBBKGBl
10Ig4SwtErm/wafXqvYYjyDyWZxVqKLqF9jtxaAoPNZ9KsIv2GTtDH2HSOSMvdRA
MjvygIGmJkQySyXn7BAJ6/2d6jsKMD5MUOU7A8fQmQc8QiHZ6TIITQWhdtFCnH45
741iMwmzhGYFfWSw4keKuT6xSXZtBeAsPeZIK8VwHIB+lFcu1vn23kQkeLcD1BH2
XAeeHHX7RcvsjM7UT/GNQCbaIsZ3BB6oZANvf7K1PvD5S8Wo9yLNtjqXU1+jw0yE
E2Ks0ZdSGuATk9RBCjAhlqSLs68wlMXbM3gIIiuiKtxPdE++ZkflhVD39VMwfd1W
NEYmaygTs1UWF+4rmcyhxhp5qreClcfH1sSkVMa1Glu24XyJq6LYmfbhv6Fah6fU
qLvU/4W8DPckkyZ1HQfHvr17GOPXbdmgimpBwiuoVufJGn4kSjPJb8KiJdN8UvBq
27QWalkV3sLf84sr6RLNlh6DJ7Eu54UqcEEKc4o27Wz4qYpeaWZOVYycm99jhpgT
HQ2QcH95P9XE1zxCyWdHaeq6M0OZeWamYiNzXx5hDk8kzsAGG/iBFArpRFHwY6D9
IEDNuRAmH09mCN+Kp3+nudMCAwEAAQ==
-----END PUBLIC KEY-----
",SHA256:jPHzxVucJ84Q1kYlnWrzMqGayBMEwn/An7tKoxqNJuk,1,_NULL_,_NULL_,"2026-01-04 09:00:00",1,"2026-01-04 09:00:00",1,_NULL_,_NULL_,1
5,イプシロン株式会社,epsilon,4600001,愛知県,名古屋市中区,栄5-5-5,栄センタービル2F,0521000005,info@epsilon.example.com,825d8b7674826666d0d3060f94d0b01ca0e89d993966014b0a4f0f94803e3c1e,"-----BEGIN PRIVATE KEY-----
MIIJQwIBADANBgkqhkiG9w0BAQEFAASCCS0wggkpAgEAAoICAQCzq2MCoD9kic/A
RcEPT8tr/DLFikG5Bg2F/j9a+ums4Njt/dVsafg0S3Ln4ubyTOyWIB+pVI/Tvt9z
wGVu/Fg2kL6DcgX2Pqqo3RusElvdc3QJqGmTiBk5narWpQnM2sDsvj/Wi1BdeVlU
AlG8hu/EFJfd7XdNLBf73oNGIDXPljSLkjghz4/CmN91l3AGnlFI8YE5TNOzv2pe
9h9akdvuSctseH5eWAYWF+pYI+vxvzwEuyeZQA/mUribvBqPjAHGEUJ//80VTJ5S
2huDTJJLccTZgQNIyuATRzSQAfMDJFKjsUEHN7yngHwOCVH57+Fsdjd7AIhrNWAl
8xrnIfSn59xB+AdcZHSv2yLeeQlfAOrGw6aAcrLI2W5Ud1PdrXlMM1wnfw7hF8IG
RdzpjEzTYLSdMe1sUeWLeaEtPmvIOGVm4hNYVqAHLfm2/Qf4udDiFqlDwGea3Isa
UQ4khgV1YeKRkAjzL1+j/yNS0F0ky9qc9NgbYDGnCuTb9qb32q79UfOogxjjdVQm
18ZB4iZ0I3IBWKiZ5205pQynUC46Ghs3hS8IWKr5MUHSe4SMo6KX53ZR3oZYJ/Dn
HuOe5Bd1vkvgkizJabIT64ByxX9jJCx9Msz05X9tZEB/BJqqUBOAFiLwLX0QS14R
GHj74l3B0nkHDGpysptymDt4+1NJSwIDAQABAoICACXXndGCRgfbfO3u4zRh5qMW
ae0waxpY24VS4S489fXLH/W0hnzArx34nDmaEXGMYTJXjsOgA3EiXTcomVSwgrXv
c6kE3ZuZZGGPvJHYBhBVDmYwWhhQTJvViROPjEpg8syKX7DFBAbEFdv7ZxLRyvNe
MQR1zTBsbprGqZieFSdlaCjTgc4hRRLEFyDR5i8GrnEyKLkUZOyRjwp0RXNSkGOW
mGl+0YL2gEWsANhSrJHs6OvILZV6KD8nQinPCzsbzo3UudBy5NOtIRWrSas0eAW6
7y6unS36SQrWbww71N7fCibfISavhyUyiy57qQ//BdhN5+6Y1KLcCaXEl/CBtuFB
4XUV75UEhPHtIhvMuIcuRw8n7devQQ2RXkNU5LKfRX0pPPFst+/cdjGeHnfIdSN5
nfENdSuFGhk+Wi16ydIZtn2Nt9VoAE8Dni/8wBM7kPWrKhdCDvo2p03E7a8qb9/y
gFKjIoFxSDGu0uxmbmG3JDVeFtH+kR/2CkQlzb2lNYQB+DCyC52MhwbnePX2XImp
eeDET/RNihYnYmZu8mvtsqa+RkOoIhFIE0w4KdK7ZY7av1mnrAXfvdZNgc6TYtTd
Zco6y5Huckm+O65YgaIktH8keOwbEafMD/+kQVrobmJQT0FHFPS+yS5vaUcGCtSq
YWG9I0yCZmVusVz8dKw5AoIBAQDqcMOligG1VQdaCsRsLsuoFaC7amKOqh9v1FqE
cEDe4v8fbHN5RnBPYPgAzDeIalnodPewZ8g9n/IHGRnDFp5CRobnmogNR/nsoO9O
L69fvZV97BM2Km3fF96Sr1fHabLLx8JQ+wYmJYiwTmMeGziEilNQab4DkiM2wLlV
WdbJj1DzWz1awdaMd+6ohauCltvFlWMCVBOMZ2EwNYflONf/1XCRKzE8BgjJtaW7
yyrkGFlhIrYFJ1gw1xq0DDAHSoy7jl8xLO8QlmRlidrlHxriEtcB4QwUjU9oJYC2
lR9oJXGf3jdeNA+iSnCF4EJzABChgOkLRQPdffK4dDW/qJ7JAoIBAQDEMTHUxbi/
Y6PBSmGamq+1HPghiBkC6Jb4TpVE0Mwb8yTKrXjsNegvE6JHn3umHhBpOlbV6V0B
e4i6o9L19nEyMIHafczZaivDy7eO8c5hPWdRs/SDVeIeCQDRkPlrcCRan2R6R0mO
iuJvrMCQdiCWUjKfBX6irbFf6LXY26NCyXenGO4gDbCc2RPCnLmpDw1h7DFR978I
RcUkKgR95+4tsrLz4pHrKMspUv3wgjf4HlkdMdaaPLUZbPCCw4zZC+zH03FmYakS
LMD0xvJzpoNlKwn1wi3v9+pNYL29yg//BgguOaOYmQ9HjcRpPolIm4VOt1VwK9jd
nG58T4H1hc1zAoIBAQCFDgjMC95aVu68OL4wFAL724KEu6VCCOWcp23UGo2GslhP
MlL7MnINayB1+3FNF+b9Gl11HgG0j/Fh++n2IgEh5jsseTTcLMx4cwI+Yqvq74NH
m1Nv+3auFjL5F1D/WUrjgvUS1tUvkz/XqDVy4coa1xLf4ZO5HRilO440Fa/kZ1Vv
OIpC1x54TJ0DwhGMJSiII/e0W5lYp1eub8M34iIdDbs8eMIRqe8U4+YzBeTK3dLk
YTnjBOh1l6+NHhmoGbRzwiLemvz3chN62VmFjjjItB6Y72vWwjieCCLb/Rh9GDs7
m3fbHDr/RbZFFPlBoXjO4IXjIoFGFPRLoZDbvMyZAoIBABPp2mD6YLIsbuajohyL
LuJ3OkhNBBzjds9lSoldmBoOJ+HakbeIETUWDRav/WDzFD9aCI5VzXblDw/CqRsG
FJ8/hS6kLjKzMBYDi3Ia4RPFo8MLPPpHsVfTGh4rVOWu0EHSg+RVcAXj2u/y3OjM
1KntVe4GJMBmWOafPDXytTOGN3ricOkX+qEw92x9c+rQ+E7EJo1nVCCG1GfDTAlr
jSVeSgOvL5hq35QmNFhBH2Uzz1/DO0EUgF1ATXk4WAd/ylzN/Wii6QJLQJqXxuwu
LpAKOkyTlQ4SX9nSw++LnuwHtLTcbNqETqS4owL7sfuIrZM70JQ+Hxj/U8eSWmKN
XjkCggEBALwGId6ou6mk03FuGiTrGcuKaSdM+9K8AoKszkxBf90azTXSHJKrWumx
wIu86pAHYm8TiTTxEVHI6mTa5hZXzdxhbGhuvpApGMGFxHfQQeRAe3eWZIZRd6Y5
DXnkS61L8/ItW7eoEAMDYCLlVIGlNOy7moNoWEpfhQ2BkRW/H4VFxKN54dO7zdPj
uE4TND9MGkqw99vPc2pSC/6HFl2L9fj08AkUvVX0UgKR9MpML/vuk2o/VztHqJrM
sRy5XXf5N6EDBJFuQGOM+3PfnId6nbU9r6G5gc4LkVFi39NmxujAfMDNloDsl+9A
xFQSz6/SKY0P6gNhOA7kI+dX6jy/xkc=
-----END PRIVATE KEY-----
","-----BEGIN PUBLIC KEY-----
MIICIjANBgkqhkiG9w0BAQEFAAOCAg8AMIICCgKCAgEAs6tjAqA/ZInPwEXBD0/L
a/wyxYpBuQYNhf4/WvrprODY7f3VbGn4NEty5+Lm8kzsliAfqVSP077fc8BlbvxY
NpC+g3IF9j6qqN0brBJb3XN0Cahpk4gZOZ2q1qUJzNrA7L4/1otQXXlZVAJRvIbv
xBSX3e13TSwX+96DRiA1z5Y0i5I4Ic+PwpjfdZdwBp5RSPGBOUzTs79qXvYfWpHb
7knLbHh+XlgGFhfqWCPr8b88BLsnmUAP5lK4m7waj4wBxhFCf//NFUyeUtobg0yS
S3HE2YEDSMrgE0c0kAHzAyRSo7FBBze8p4B8DglR+e/hbHY3ewCIazVgJfMa5yH0
p+fcQfgHXGR0r9si3nkJXwDqxsOmgHKyyNluVHdT3a15TDNcJ38O4RfCBkXc6YxM
02C0nTHtbFHli3mhLT5ryDhlZuITWFagBy35tv0H+LnQ4hapQ8BnmtyLGlEOJIYF
dWHikZAI8y9fo/8jUtBdJMvanPTYG2Axpwrk2/am99qu/VHzqIMY43VUJtfGQeIm
dCNyAViomedtOaUMp1AuOhobN4UvCFiq+TFB0nuEjKOil+d2Ud6GWCfw5x7jnuQX
db5L4JIsyWmyE+uAcsV/YyQsfTLM9OV/bWRAfwSaqlATgBYi8C19EEteERh4++Jd
wdJ5BwxqcrKbcpg7ePtTSUsCAwEAAQ==
-----END PUBLIC KEY-----
",SHA256:92zehyqIbWx9xvLosdJlcSjo01xuMLjjgEXOJ13Hrcg,2,"2026-01-05 09:00:00",_NULL_,"2026-01-05 09:00:00",1,"2026-01-05 09:00:00",1,_NULL_,_NULL_,1
6,ゼータデジタル合同会社,zeta-digital,2200001,神奈川県,横浜市西区,みなとみらい6-6-6,_NULL_,0451000006,info@zeta-digital.example.com,95bba7f867bc159442cc35c738edbb037cef1c439fdb2d079ba5ae9ed49315dd,"-----BEGIN PRIVATE KEY-----
MIIJQwIBADANBgkqhkiG9w0BAQEFAASCCS0wggkpAgEAAoICAQCokaUzoWxQaoBi
9L0AOx/L+xyO4FtCxiBMZdnQ+Tei3jQsV2v4R6se80gi6MaYS26L2IxYZWHLCz70
SoM7qdIUxskHEmZSmNbNWmvFDWUgmCh7pI0yXxjTqIh2ONiVgaPtgF2M/joZZEwm
NAHy9Xbv/94tvnr0MHvubLY9gvWx2UPH67mpYffE/D5lHxkUCXXPJIKUoUfxJ+rb
idPfsRVtLLqsPIwfl3C9aglRMWIEe48/vBieUjTnY+WXi/s0NoMc2JXc2tYGtnQS
qmpBlPidwPoxldTyB9jhTNHcxT8pioUhVBmWH5f1Hjb+xRN83GYtr1Ellfi035li
4+1GE0Qiwjh5xHlbvVq71nvH8sboqbBVgbuIoX8TpO5Xd2w6jwMskzTlW6n+uyzU
nDQty+4S6IiQp0q0noawtRkRJV9s75zHHIoNWUoQFfOtmU+i5lMFl0LQ/PQYno9d
K1xDChdungcPA302noFKFUzeaNhnju/aWavWdpzCcn1IvbNO7JXWtflhhd+iXDid
+jaFzqzXlUZi0OV6tDgl914c6YUFJ4tt59NdafDb5nnZ8fi2+gllhz8I5eEt7orv
KqMYvgUvx4BIaUc13wjagpBfhFS0znDagboxtBAtvAGdh/Fd/RD19Wh2483kmFHL
PPqYtcXnZiZLmoDhQC15ct2wK6isMQIDAQABAoICAAn9W6DJgQhA+ivNx4JDKWQR
am9YghVdIB6MQ1IcOtJW6xjySK6Vh2FrAcw5Ju/Gj0i6rr0xq4/OB6SQN+JqHXjo
EOjE4TXQOJvshF97UZISwloVdd1Vf7ynYQg/NS1Nr1UiBX6XYFe54b4P2J+5MUZm
z5gUEOhLaUTHbNi3W+/MFDVoVaqL6OmObfTYg3LJtBFwX0wHRM1YqWqU6plNPsZS
ChwD7eU/Yx8uhgUpm96aeJz1J4ZWZoE3TSy5JHbDK5ZNiuVkPfPMOJO/RVMZTM8t
17CRlGWQK9JU7EjyPYcs3i02n9o4NBgC0DfdSQWIxYYRPN9b2bnVAxuLrgzi6RIy
O87B33X9fwjAaRpdm0StqdBW4pzbH3j90k0wzymR+A9A0NDkICdFJRXbfou6CE9E
Hyad3OJYqPaqzUppIKKObdDTEObvNE+5fxgW+ZkgGdcXLAuPWnlh30NKRx9G+syT
ZGp1AeUtxwUI+ccnOzq+MhSrpMDYdBYTDM8yhy31rNxYFTesMGfUMOWrOgF81KQh
IfkAsYbtPByDo/dtH4qBXVJTbQnI7K0PqMFY4jooODYI+EfZ9rtgyakf7/BmPshW
6uybUlDm5HbwUNd1jpSE+P9/TtQUYhiUcbWr7E8cO9eu1bM0fkreyljsQas9fhri
R1ih5Alx7IKJRe3OTcCZAoIBAQDgN/ZzxsuMYw+1hLq4nd2ni/BkDxCB8v80HHhZ
wQ9FzaWg4LOrQGVz6wRoKmRt+klvVgq8gjnx6u9Q2bZJ7NYDj1LXtb159ZGBfRek
xF7YnoXf+cx752CYJqK/3Vsp8jVNAdPUvEPU1cfxFAH2ll+TptjbRhYHiQW0Hkh+
GQdog58ySFTGgsWAzWAKH5sncmN/rVroP+BOhC5oSMM/Sh2kAwSGqaxw/KBLONHX
ihlRNbhDdFlBcFtOB9YVh8JFowaHlG0it7GpA0ZjieV3Af11cE3KpAgDfUU9lbVH
vk2FVhwFw29LyCpeMdVigFxQJkV0oPUHdavPg4RP2nt9ibslAoIBAQDAdl5FPzu5
mFrh0Vo79AHW/aXwwZyfy3AY2VGttkL5Nq1OUZOsrKbCl5m96k8XRJE1irYv+2f5
QdwaMhH2IP9euAYI+anTzQMrC5nqoiznjdEK2DZGq1vjFJmUuEqekREj3qX4ArrC
oEKnxv8pGdBuiXIjLVoOMAjdmaMqj+jfYp63yCLKf0H/BQpGXunwX6oo8qeFK1ih
azbXi+G0wa33RIpU0umKVJyFs4CYqfrdogP+/Ul9+WhT9gwXRErTAOj4V8+/FDWH
UyjqRoFdPdacCSoZKBDkXCLIB1YfAH6yC47N3D3AasAC1JWW/HjDh1RQqfWcIPil
06PVuCg9b8UdAoIBAQCNHAs5r+nYb1uqlF7i409lK5fdkPGFpwVfqW9ApVTUTGkp
h2DrrPpsaoL6f3t3D2Z58D+PhbGsA3wbePjVK31A/klXwmP9xkONp8lig8dhMtr0
K4S6kdJjzyTr9QZzrqBG15iWMOnLn8NWgI3/v4FlLkMaNNCWa3Cwe8KJwXy9FODy
xzy7Nf/QYPBJTrzZpY7jApnMwq6LG3sNXIWsZhujZdbKXSxOa18CGD9QE/R8/H77
zNSDb4+22w2rvSXRp5jraMkKaWshABOjf1xvekwmRchfeL4mXAdgi8Br52NoP9og
8m8v1Uh8wYYWmMwAESXzEX1D9ZVsYsu5aboANtcVAoIBABdAtdcL8r1TqPdLgelo
a6h78MaLvc6Yl6yI5RNlx+WwM3QY6wybt3IfOtX1LyUShbDAV46og0FcMamAjyb7
iZ76ANCoyVnrlQxoVGpCucYoHi9/O9+B6JIg9QVA1tMdl8KLreWu/r1w+1yl8EIY
+lPAi2ewnQbFyuxrGYmU5X/HvIFbzshEY8bZ5wnlgcIm7LoRxyeRux2VhIS6Q8TA
+bG8ODJTYR/zZQ3KSCkpsEOCxZTTKUPtFCvAuGk/OQMRQxRuF41wdZ8p7vGPHyYS
yJEFkm6DprbQYutj54XLW4NLXi+FAnjy7Mvqv0AEtNp6yTcNsbzxRtlSHqM9oq75
iAkCggEBAIdrwo0JWCCsMYqDZWbrzuH4ZE4OeUyaoKLJ68FOzPl3Kc0js6AnIXiP
8jmwoUoAhWDxP309Si0eBTifzCCUAXUuu72jxKCb5fpSTW3UYRc5ekQOQ4RUTKPA
HmHSFzGZIZkfDpxeV6gi7ymaHBz8rrzp70EVMnCwFON344wTlZHNSLfqbhVzzTaC
9DFmwfaB1CeRoXg54kmDvyhEnblqOdbZheUIjxJSI7+FYDHQQwJ9TMM4b7FSdx7V
cIWY/MnQZzC7Y4xatmLALkqGa4SawbgsygsEfjIZbg7xHxRLBhNmHFzxyl7ZDDwd
kEdBtlrwAXTV4CkQwmrtCYO5hvJ5Jx0=
-----END PRIVATE KEY-----
","-----BEGIN PUBLIC KEY-----
MIICIjANBgkqhkiG9w0BAQEFAAOCAg8AMIICCgKCAgEAqJGlM6FsUGqAYvS9ADsf
y/scjuBbQsYgTGXZ0Pk3ot40LFdr+EerHvNIIujGmEtui9iMWGVhyws+9EqDO6nS
FMbJBxJmUpjWzVprxQ1lIJgoe6SNMl8Y06iIdjjYlYGj7YBdjP46GWRMJjQB8vV2
7//eLb569DB77my2PYL1sdlDx+u5qWH3xPw+ZR8ZFAl1zySClKFH8Sfq24nT37EV
bSy6rDyMH5dwvWoJUTFiBHuPP7wYnlI052Pll4v7NDaDHNiV3NrWBrZ0EqpqQZT4
ncD6MZXU8gfY4UzR3MU/KYqFIVQZlh+X9R42/sUTfNxmLa9RJZX4tN+ZYuPtRhNE
IsI4ecR5W71au9Z7x/LG6KmwVYG7iKF/E6TuV3dsOo8DLJM05Vup/rss1Jw0Lcvu
EuiIkKdKtJ6GsLUZESVfbO+cxxyKDVlKEBXzrZlPouZTBZdC0Pz0GJ6PXStcQwoX
bp4HDwN9Np6BShVM3mjYZ47v2lmr1nacwnJ9SL2zTuyV1rX5YYXfolw4nfo2hc6s
15VGYtDlerQ4JfdeHOmFBSeLbefTXWnw2+Z52fH4tvoJZYc/COXhLe6K7yqjGL4F
L8eASGlHNd8I2oKQX4RUtM5w2oG6MbQQLbwBnYfxXf0Q9fVoduPN5JhRyzz6mLXF
52YmS5qA4UAteXLdsCuorDECAwEAAQ==
-----END PUBLIC KEY-----
",SHA256:AfO+Mjp78Z9XOUYlNFANFQ1G44t87Pg+ugoejztMQ3g,1,_NULL_,_NULL_,"2026-01-06 09:00:00",1,"2026-01-06 09:00:00",1,_NULL_,_NULL_,1
7,イータテクノロジー株式会社,eta-technology,6000001,京都府,京都市中京区,河原町7-7-7,河原町ビル5F,0751000007,info@eta-technology.example.com,2e07b0ced09bc1634ca0982eb3cefdaf9f823b36c71a139c78b7784c0f29dfc3,"-----BEGIN PRIVATE KEY-----
MIIJQgIBADANBgkqhkiG9w0BAQEFAASCCSwwggkoAgEAAoICAQCmkPo0Q9Ec1SZo
r0C6yKkr0As9CaK65nN6ZDxGdhmU0JPzD5OkAd7lQg3whjGDqd85GH/6rOaI1BDK
V1FVeFYKsi6Znyh/LnacIXTa8o58BMCLsqk5dI4qTUyHFfWZRqolCQ+rK8jGZJxy
NmF3VdUxTTzwN7WP6eQpyWtkVEnNDwlvcxuCD7MAjKm1eFfArsGhcmrfv1lnYOCD
w4/zazl7WeO+u37IuXJjpfBKXC372JTc4I4siTzNFonZiwWqdvcj0i1KhhOO2Yg8
gyZNeLhZvhlGvaVOLQWu9WnOGAV1GAG6OTdlikeNXlaqB9rdxYsJNcVpNhUMouyE
CPmKbQ2JaYry35QO8m3mv74tj9aUaogFAKd3uFfZ/vTtxP25M2/7yZAh9cHbmaSe
YC3EoxtRk0H1Htrlw9ocwTkhim5defiAqsouwUmIlNTkA0Gp2RSc5aE13Xeq2s8l
Hns6vkDc/kfMNpBqhjCFadv41IXsZ+1aZyJgqac6mKCXHh7Oc1bB1teJKsOACmsh
rnEZeH4ZgQWPDAO8l7zTFCcrps94s0UmP7YLYVvPuotjrrU9fzE8sQULeUbzXx03
Hp2g7s1Gga3oSwD6/XixG7A8CMPiXOouunLEQSduQ79vEJ6FmUXtiRPJDjfMcPhZ
PdDVQ5m08HniFKxybzo0aIK+rmW3xQIDAQABAoICABOsmjEkNYX/U0sYMEAfxYOs
TjeGdNc4szkor8nu1zSxslgKZfkAU5Cmzbi0URLpNLmswCke1RgiXF1aFPxQe3FF
/KUenIzxMwdcGE5oShYyBYA6uSxVLRmoCbsHB/xz0VMQj+46/LsaVTRUYgzTcZwi
MGl7WxHFobKh3PJ71j/HX+jvIrepHQ6ajs0lis/ylGJ6fk8xbeD9G2fU6KLq7l44
juMPiHkzFmTYy9osqy3NNkAksgZmq2zaFaxBdIjfBnAPulPMJHFCFop3P0X1VWkc
QCYP7n+eZ8ZzrGywf6yGCmYxre5rd+ol03y/8sUxOSv8UvYLck8My30JBlioaum4
Q2g1SJO4DR4KG1bNymaNZBqpreLYKr8G3LvU97LYwANIxqEoQyWMtutEfTeqToBi
wGj4t5QAOZCuAI0PCsyC45t9m5UhbC19VD0DE+oANYE5Bmnv6lsdc2mNHXGexVaX
SWEeusTvMxHX1mvbV4QrmvOA0oAD66SVVPijfVt0Vrn60tg8usS/UUa4qLeJA7+v
93nU8DSpgrHZ1PHuG3aiHY25IdNCef8RVQBytxXr/XLY6Svw3JRV02h7IRZArFtB
lUotocFf9zy915RPQGWuQld5pSDmXDqjAW4KsxHbjNvkM1u6D4yXv3kJP5gwmEeg
KHz0JiDKh4rJCAjtQ9xdAoIBAQDffhfZB2HgWFUHnzcKJq93Yiqp9A7lR/pz25xa
hjZH12Yr+72AKGqJN43kkRcuRmWau5M28wWJvTb4V0+nAXksldJmacxPjPPHXEk7
NT0UJ/vVQORXOtlpoXVZHK6Y7GpAzFj8Ydx5url7msUjOQiEcqp4K/z5bWTCGol9
0Yjqvd7KZkeIN4dZOds+Ks4pf7PK33uWGNySVKAxA1iT1Odl1oPWlMsLbG87A9Wj
MvxGy2B08oBjH1R3WTpv2U/cNiXcZH6+MdxX/j21JfIUnuBvJqgo6qFlwTJOyrJV
x43IX0I5DIe3d3nEvcwyfbR1xtqWGNCR59R8P0EQONsgNxf/AoIBAQC+yzHYp4/7
Eo6JepJYza3+RV4Q+D7KNm1dAZ3Rqa+NBMHndl3Q1M9JfZE2pMZXXDlZCCkvfE5s
yp72LmjWGkNTGk8/esiZcb7JHWJrJ84Gpu9bl0h8NRyVxS7pBQiuzlWu9xZ+WBpN
aSmGEsfj2mHzLw0RY4+gGUbww27wGfsaAMBW23G72Hsvp2b7dFrtQrK1nTx80/hn
UUTTxNIDnvhuQ+EffxfH9ElWfIyyy68DLMkkGHfFrTg9l6mGd8/GNcUTMhKCuYY7
ocgPDsPTHd3TtA6wEbEtT6Wkl5NaqqKKErRnstx+GKIQy1/hAakdcTiXBuoA3R/U
NqpwK+2hzNA7AoIBAHe5cMUOs1wfdc2TeUSy3KSzre9FkwU4ve564xOLemCZ/13o
ieexvwCrBhQ/tY9QnvV5Lq/tGDZlaqE3BLCOlX9Q81lxq8Wh2KYfxgs1xfaaRMpE
7Q3dtMJlgBuwxceePn1f+vuY4SdE5EBW9OydjPaHBtNBnU9xTty8opMIQLSf6k26
5O8P8C3YVJ7FB5QrmQFBH0+VGfQ56WbYSAdJsnxXomC9bNg9yohu0W+PzJ2QLaf4
kNaI3hLhdfCdFa7+QuIB4/O3ejaZOC1mmnx5b/mbV9IzfyqniG+1HjvdnxKMFUnC
cKHUGyNOGamitZ2yXT6zJGhFLQsyR4SNMLXdTbkCggEBAJvBylmywYoYpiB53gt9
LfQMsTRtVOVD9Zgd/7bwLg6TubC6IvCfKvI1/lx7vCgJdA/I58aKVoPeDlOvo4pW
OmwXaGbMWANcpoIM6RHNlxY7JeDB6jzsJv/lz9wPbf03GSATO1u9lQtpNKrtnh3X
ZGthF+wAOXpb6FwZT/HXY/TgdCT0VS8jFb3bjejuHmTfNIGrcXv+mCXQZL31SfYG
y41JAPnziXiFZ3GhkENOoPuYjkRXbUAFn4o4y/6oxQhtUQvQrufliT4ZXvdb+GXb
VgLEVdFLQDdbdECgNX2pG7RYfMrDa9nNRlErloRcFLGigq5YyKQX4SofzphwZDjY
uY0CggEAbnurvb190nEuCJta7wiVlX1T7VxpDQBI7XYk+nCugIFd/QDzoNXHdYDW
//XaTV0F8vz+xoS4vmvuqtUMtNQaMch6tGOb+ts6D2NC4sEuE+Yf8sNKDuSmCPO0
xadolXWg/cuclAPsB7VlZOsSlDJjVSNhSdKLrBwt2nCEB8DDFAtSGIXUcIuKMZiW
mBqy5ZNJi1A+PrL8JnA6SMvxobkXURyoWgTcvQzmEVjyAjZ1179zMO50mDED4/Qa
0k5oT1i0va6tpMHkRwRcnyoG7N1CyjlYcU7hh/NBowS72c3+TpYZmrhsHwBxrwyw
sPRtw1Se7HlbPDAuJBMDNu3+HQXXlw==
-----END PRIVATE KEY-----
","-----BEGIN PUBLIC KEY-----
MIICIjANBgkqhkiG9w0BAQEFAAOCAg8AMIICCgKCAgEAppD6NEPRHNUmaK9Ausip
K9ALPQmiuuZzemQ8RnYZlNCT8w+TpAHe5UIN8IYxg6nfORh/+qzmiNQQyldRVXhW
CrIumZ8ofy52nCF02vKOfATAi7KpOXSOKk1MhxX1mUaqJQkPqyvIxmSccjZhd1XV
MU088De1j+nkKclrZFRJzQ8Jb3Mbgg+zAIyptXhXwK7BoXJq379ZZ2Dgg8OP82s5
e1njvrt+yLlyY6XwSlwt+9iU3OCOLIk8zRaJ2YsFqnb3I9ItSoYTjtmIPIMmTXi4
Wb4ZRr2lTi0FrvVpzhgFdRgBujk3ZYpHjV5Wqgfa3cWLCTXFaTYVDKLshAj5im0N
iWmK8t+UDvJt5r++LY/WlGqIBQCnd7hX2f707cT9uTNv+8mQIfXB25mknmAtxKMb
UZNB9R7a5cPaHME5IYpuXXn4gKrKLsFJiJTU5ANBqdkUnOWhNd13qtrPJR57Or5A
3P5HzDaQaoYwhWnb+NSF7GftWmciYKmnOpiglx4eznNWwdbXiSrDgAprIa5xGXh+
GYEFjwwDvJe80xQnK6bPeLNFJj+2C2Fbz7qLY661PX8xPLEFC3lG818dNx6doO7N
RoGt6EsA+v14sRuwPAjD4lzqLrpyxEEnbkO/bxCehZlF7YkTyQ43zHD4WT3Q1UOZ
tPB54hSscm86NGiCvq5lt8UCAwEAAQ==
-----END PUBLIC KEY-----
",SHA256:BLXoNtamQwQ1Ja0IOKu5YGg5pe1khCPd+JoZSZjxj4w,1,_NULL_,_NULL_,"2026-01-07 09:00:00",1,"2026-01-07 09:00:00",1,_NULL_,_NULL_,1
8,シータサービス株式会社,theta-service,8100001,福岡県,福岡市中央区,天神8-8-8,_NULL_,0921000008,info@theta-service.example.com,e6a0d1f3b7b2ee9d5ce91ce0084271bac3b37e8f8663245a8c32f841c1b5dacc,"-----BEGIN PRIVATE KEY-----
MIIJQgIBADANBgkqhkiG9w0BAQEFAASCCSwwggkoAgEAAoICAQCNFf1ayESMACo2
NRMGCIiaQSoza5JFatZqCQxd88VFFsmhdVRVFtqwsOrDYvjq+n5lJo6jh7CRGjAY
2TRimA3VqP59mdp0uSSnSKcCLkRB86jXo7jQgZwnSyhXun6sJHRjyLFNRhr4kHA9
CYneD5beuFxuXOWhwEAVNSxFNzHOdvfwU1f0iRYsu3aTgWTAXj5p8kYZ8Tt0K+J+
D3v4A1myRUNJkU3awjXKsDt7pnMUSb8bmGZ+cSxYKItuv7RV1+ngE7Z149VmhEnD
tylvsDQTQYg8Xuk2oaP+lBID1Y1xnKFFDAgYB5MwEys9PylRJ2nrMXm9gMRbFVTj
oK1z6xfnfci2TyXnpBDoQHHw1c5iicH2TMKK3A5QCINZXTpj2XH/eHJMtgBta94w
pQA8URcQ2iblLoizqYsqEfjiCy5ovqOTtDphG7foaFhPybYqxAPmzgzX6jXmJgiC
rpKz53yfHMtZtqYmKaQz6MZN9bkLPIm6pF+KGy2irs+pMbZf2qvw4X0/IVKRaRTz
U+Z4J6CxlImHNBSXR6SsMxiCzn1wEqjAnXLdkyunEYp0qkyoYnnHDpiQ73583XUo
yAY8131rJUmquJgHw7lO9FKYKoN/Karh1VH8P5UNLm1IlIbKUbTTOlIGye9bnxkQ
FYrFEdfG3pjjTZ702vB9ZBJitGUoGQIDAQABAoICAANemEbUxZ5T9Ee7JZGQhQKt
T761CpdFB/EcXWk/ay5NO9K/vjXe1Kl0cDoeYQEe3mnrOjjgAr2Hn8jYI/VYc4W8
Ak5c04Ggi/Mnoj8RFjXYORrjuoQ9GprUCePRsAWYd7C/MeZwjpa+v498Bm9ODzWR
tznQVvbX/clqR0mX5qtrRMMLZ1LClP7+5l2usQm1g02wdZaLbMOt6jwS6DKlXqNw
hNZ69YSl/F1M4phlz0j99RlJnuXVYIO/Soubx68zkU7CtpB2OO1SREvvHrqfvX6m
ozeESyzJpRfT0K8hKIs84s66Jm9WFWChwV42TFxRBQ/GH+wz6RY4mjOdhy1fjgCP
3OHML0J4saevuFHz+GdWqdqtLFJwdf278v2yKkN68j1haFiRrjRKdcIR/WYYeiYh
oLOEjDnh3hS09Sb4I6SbAi4+23jTnUlacRS61Ilr3j35BogvArU5EN5LfDSf5J4n
AGqvK9fpr1xTP6FpbMasurhcCn94Kpn3ldp8fHbq4LEbuRaiLmUGPz9ck1abhpnd
7GYfInZgSvL5924/UlGM3WR02VuSeVoUoDGFVIWW2HMtp2yjDMCUhpts8PdW8XXE
60jiIHYAXl3E8xtW9QSVTkseWFifUhIrJB4/L8Wn9OBQdIwmVW/80PCN1wiSrtMH
IA7xNQZeWYj0HYfJnX4BAoIBAQDHCp1ATJrlt/pgYuHXvL0BChQrT0pQa4vflQtN
iXNIzKGs2OzcUX4q3zwRttyeP3MV20bqjZdmNIVcU+BmvMtnNRl0OhS3mC2EH5FQ
GCw3PdxmjbU4XOaDUhlkDTDr+ACbPfVbEbq7PpbZjzdYI0idhiYd/8D/WI+6KqY/
bvni4JEvNKC8MKENbfdmSmulImRC8PFaWCgnOd1kzMgpe0OXOE8HAB6eYeeHV5f0
84B5AQIEwFku2psavK9i/2aW/LgnOjL6DR15WQFxyN/cjMOxkfvwlMK4lKcRBuQ7
TVxRgI84PgPWO+ubOQdlnAB3j+3TA1CrvwKHvX2WOMkTZamhAoIBAQC1daowG2aH
HBbNJoiQ81aGXT/o9S4ZVkFCIYYSDZI5OKU6u2XuKkLzuTF1vKKUxesAnCmsgNR6
j7qnFAqGYUSWPWbHzMv8BHyWflvU78wbpZ3sBsF8UROxJ/WQxPQ2p0kw/S+QOW9v
CgUMNoW6NaM7zQkdbSWCE6l2mpj4marFBlJ6gtouI9XSezb39ndVvh+RVwYxTqtB
9W2AxLn/htb6I+EHZgznB2qwn1/1li0NlC2RPKjsDNC85mi4YHxgKuDsOU4qiEb9
ca7GXn5UURdV3lcqw4sZTgI2R3tLe3/4l+0KHXbePookkNglkLAKcuDF/ixM1JEk
swPaIsJD9Bt5AoIBADx9WE7rOQPpRrk2M+aJoHMJahnDbhVEqeyX8ihtRlDwh43t
GwbV6V8EGtBTX3bkV4hj7Ihp4YIZIhJuFzuB0tsZwxOUdylYoTSPF21c+0sKjMnJ
9TIc4Z01PSwv6hc8doq3aLJ1j+dJ3TRfFvW9O1tMIpdpW3D+rCdqwL10b5LoppbP
Cq5GpRtcuRwoL9CuxAOoD+Fh+0n4hvUUWxxoLqFtZm79NVDy9hcmorK5seiUStXA
0xmvLAYTI8YVUks+oISjZkyh4bw4NX0sDASN7wcvE38I5qiL3L4K9x+iohTO2jfA
eRAJg8/XpAzYPTgY0LEZR9H6Kb2w89LMjSdM9SECggEBAK9qUd0zf8e4taoYSAin
08sMNg4Dhk7j/S3qrmqhR+udAM1n/z9fB14IdvG0Kw7azTTHwdmKqNzaOLvvOcVy
HhWGweb/6Wl1BOOOv0N3lL5dOe7DESQWVIz7bf5HBzYWPUDoYKRxgXG8I+kMg/Xg
iC31JYyWyJ2YWEfZZ2tbUaQpWm4oNLZJ2hghGKBYWEBBDM85azkbLZ8TnInQo2WL
eiJRsOWwF2T23IJlbyQ/ysnHps0x8LJQKTGTI0SpsVJd4RU6yH+BQe8biLMnAcSM
p5xQ1b73TW5m5OiH7X6ooqs0YudWWGS73FtA0lJuLl/LcdK0xSp4it8JVv32gAmk
3zECggEAHhJGkU5g9I86k3Mc8KrYSMN6KdzE2mq91hPJm9QX66tRCjCgBRE1SUUs
4eoXbDS92n9TDB/NyAg8gQMvoP0plpAaGqZNffetntpMtDv0evX5pcd9Eflujg9k
kGK0uF9MhNqmf0HL7Idf2JGUU2T8KwqXbtAJ1EeOpnnJlnm7Eyhplcuz3AgcOrmi
kZSGGqsFFYbW/CK/+W99ZLiDcNgLz3Y/fFTzNRMJN1xpgjICdgctFTiYH7z9HjrR
BVqKU/SN3Qz0AGUB5UhsuEzJRVEW+vvU5lIrKzO90vCYppgBWYeKyRHKbMuUKFiT
kM7h6GWLXN/2UpgmV9KXn+5FAw3yNA==
-----END PRIVATE KEY-----
","-----BEGIN PUBLIC KEY-----
MIICIjANBgkqhkiG9w0BAQEFAAOCAg8AMIICCgKCAgEAjRX9WshEjAAqNjUTBgiI
mkEqM2uSRWrWagkMXfPFRRbJoXVUVRbasLDqw2L46vp+ZSaOo4ewkRowGNk0YpgN
1aj+fZnadLkkp0inAi5EQfOo16O40IGcJ0soV7p+rCR0Y8ixTUYa+JBwPQmJ3g+W
3rhcblzlocBAFTUsRTcxznb38FNX9IkWLLt2k4FkwF4+afJGGfE7dCvifg97+ANZ
skVDSZFN2sI1yrA7e6ZzFEm/G5hmfnEsWCiLbr+0Vdfp4BO2dePVZoRJw7cpb7A0
E0GIPF7pNqGj/pQSA9WNcZyhRQwIGAeTMBMrPT8pUSdp6zF5vYDEWxVU46Ctc+sX
533Itk8l56QQ6EBx8NXOYonB9kzCitwOUAiDWV06Y9lx/3hyTLYAbWveMKUAPFEX
ENom5S6Is6mLKhH44gsuaL6jk7Q6YRu36GhYT8m2KsQD5s4M1+o15iYIgq6Ss+d8
nxzLWbamJimkM+jGTfW5CzyJuqRfihstoq7PqTG2X9qr8OF9PyFSkWkU81PmeCeg
sZSJhzQUl0ekrDMYgs59cBKowJ1y3ZMrpxGKdKpMqGJ5xw6YkO9+fN11KMgGPNd9
ayVJqriYB8O5TvRSmCqDfymq4dVR/D+VDS5tSJSGylG00zpSBsnvW58ZEBWKxRHX
xt6Y402e9NrwfWQSYrRlKBkCAwEAAQ==
-----END PUBLIC KEY-----
",SHA256:7B+NlK2Ss2KR9bu/XgWAkNIgodb2JQ93Nl4s+rgXafE,1,_NULL_,_NULL_,"2026-01-08 09:00:00",1,"2026-01-08 09:00:00",1,_NULL_,_NULL_,1
9,イオタネットワーク株式会社,iota-network,0600001,北海道,札幌市中央区,大通9-9-9,大通センター8F,0111000009,info@iota-network.example.com,c02e352f09d7c10c6eada88599e33c236ef154a837387495230cdac93a765f34,"-----BEGIN PRIVATE KEY-----
MIIJQwIBADANBgkqhkiG9w0BAQEFAASCCS0wggkpAgEAAoICAQDwp/zxK5X0WF64
Ey15rIzcHoO9miC5nNKtAl8R13lsrTR9Gr7O0cYQ0ErxkoAJx3sy7MGMK20QzA3A
ebZZ+FF+iSwiukFQACyK2eQJXDrWoAy9TA1ceC7Dw2wJvczr0as2BNbMfmVfJdWb
AnKJxA9vpwN1I0+gvdtChJDUAkVr2JYHekctFqUyuviWXPn1q+oMiJJ4MdiTGwJv
g68payAulTii5MFtuOnHDzPkfpJzpacclKbKp4REcNouAU5re3Awz7WmsKqj9LNU
p7h2kTqljxfWxXY5LM25vTwlnNCpiw2jN6cqjZYp0MXDrGSCYF6axFomw8nyh8nE
eCCRSBAlqPXqIYo3f17OBqnxb2p1GcDxQEh23wUSekPvfugN2+m+btdw+Ewj2/W0
NjYftVdQ/niwXeyGLoMVYwGTXRybZj8OmX6fS2hZoh6H9LEKpUvUVDbm2M045Po5
atiFRDUYpvvK7+NmnbfDXKR9RgerbrBcoVCcV9AIv9e9QfsDBR77Ar/TcUbJduQu
qT3ChujJxHbVznw8IGEWhWOTd9regn/EVvAtITdPJJuk4VTkhjzNP0GYk8Cq11ti
6UQjTUIQ3F+eOKjHYry2z8l39cTnNW3Lz5rQu9WRnw3qx0Sc+AB2MUgWva96+qJ0
+j85szU4SM4M7lKFiZRwrFAAzCF09wIDAQABAoICABXRTQO6TVp9Jn0us+k7hPux
woTOc9gQCSOJOwA9ljMNktwisBjE+N1uXNUA0J3SWW94+mUQTM+AiGCiSC9o7U54
9ijh1OkBUwh1j5BvrZ/mm7EPs4hmFutFjMZnUCwy8oAvuR+J9/vDzNVESAkIXtPj
AtO8U0xB2h5yMUUfPZb06EkeQ1SpoGl0fPP40up8Xvgq64h9EGLpyHM+r4MkRKMk
gSF3drfRU1RqIuy8st9MLdXP/j0SKdIgnw8brDXfV4D9W70UeCvsE9QBbp5FNVls
Gx+sADdXwgDsUIcia+JrCl35Pi0D8BCzbjJ6rxQI05rZYUjxaB4WRGsM7vrs2xW5
9avWkb7hlB0Sy+KFmvzSRuS2c7zdtX8mz7dn8pB0U9suN7qq3dGBRIauVfh6tjcK
1V3iFtVUoxr8SNgj+ahRb29nnkIt/GvT2/rLdT6++W8CAwByfiaza2+QZOrdJM+T
zmtlSDb0OajQggaqH7u/rh0wVRR9CG4NbfQo+CEj3NEFOLS+9oAH0spkPkp8N7Sj
mnV9N5qNlNiBw2dEkMDbMNPH/ARz+F5Ri4Up1RqYGyvDftJQbOkHn2pKr7XwlsuA
hmINIUvtWA4XziQBRPtY8gRYwfF8KVTFbPB91drgci9jyq33D16uD91u79KkDuZq
9EuvWFcmXz0oO169QvXdAoIBAQD5W2RxE1V356NC7Fw70IfpLeoEQxpuo+tM7p3T
tDXexFislJnh0nvVh6dlO3HiYBUyVDxhSrl7Hmd6DiepLMRqZeD9BMHjx1RvyWbf
x8Bz8SGygTTYjc1ZsnhlyzSht9DG5pmZyCE8fSO8RQ2yYf26QBtZpiUjDJC03lAd
2gYK8oFl9R6S6lZzvdKeTc1OwZNveHYh13X0cUqug8xCtUGaIBDI7TPrBK7l1t/S
Lm67r9gc4/Ze7kKvDNY76nlqFEd0Ym7v6Wr+ysUWUfFvnF13nU32nYi9iwkaEDE9
26dHUV/ahzcaxRiFB4OP3i//oFoRzPPQ6vSNTv6lWs0oPPMFAoIBAQD3EUGqn111
cdbbZaEHgGaYyr1pdUPnQwUVCbxHpt44NGQu1/fqcO/TU+CHcfN8zi638EmG2FRR
TxvvzxoPrWMpnfvdgirzT9pVsYsvfn2QdehoBCL0AcEtCyy48KayqTK8eMHtRYzt
jsUw3wIhQZftntvmK6XBqSkoNVstYUpchWlCaFdBXSkVQQVfSxkcOYfAr043dxcq
sQlc0C3tg6c1Ng8qUUlPf1RaAaRy5/dHiK0QgKveYVPctqacasN9VUsa6WeTkwAo
OkShImTrlc0RUolRgxknS86nV/6+ac/0aeWhWutS+aYFuoEYzgXDoSua3sYEFwmT
fTLMcd/ftcDLAoIBAQCYCnm72KYMbljFvYifkA7OxwghgSjkvV4Dkpr5MrCGHAJV
eGY7ozOOhyAyQYS3Gw7RmTsXt5BQ2cEOUwMry/gXR/dfTz9Ju4hogM0RNaLLDwQU
62Nlh1DmmEOBDd4RnRrXrFOLyNM7JrJbYV9wnP8wSVZj20JZlJfHMKZ5DS8SDbuI
h2UU/32nJN7/V0EP/EgBd9nP2Kg7W7jFn+cz5YESkOqrGLbHXhumWNYwOc+a8SU8
uGLIj05pndIixl0xqRvIgxxRfGmY4do6OcyU2SrEfE3FSVjO+a+bDLR5myzr91oS
zM90qyjANEyrtDZgD03b/LPNdvWWE8yA1lSxbDhhAoIBAQCVELdS74Ye1wlwI/gt
I35DT4dKenL2tAv77nzHqllHBe0wCiPNMkiwc1nzvn/O3EN5vSNPlXQB/r33STgL
H2zF7kjJE8FAPfyYWV+Fz0aJA2quX1iLageYWran+qJJBybSafVvZ9goeExnORX6
5K16s68vR0Rh/OMVHGQflCSef+vLIlMK399qsGlCXngO/HL4gYyqkFLM8jWY5w3e
0ODwjOZHfPXDXiqRh44luekLIt5wJ4IK0SQc9aK+mvfJxc1jtlFEy5t7qfRAWBUV
wrMQcYDiSjvB5s4PT1smnYbXi5D9cnKrBG7z49wCEEOQDczWSvSkARZJA2/DxCzz
t6BTAoIBAHteOVqksi9gZ9EscClJbqgU+wySOLac1I/p3vsc5oYrUNMket2OVsI+
9YJhoeV793ErUz5j4spDF1cWz8HzhrDYipR1naByw8u2sN+ZBRdny4E2xbxAB3UN
1sFL+a28BZzt1RVmsxcH3f5JazC17bJ9A39VuVhKJNk/KLOVQdV8s5b0f3qaBj27
nKBkKwVal8HqDYsfEhdXk+VUt1hohdPKJxXMxhRlT0vjL3BNd4/7Q2sKf91WzltP
s22BE/Ba0E3W+WbxTos8gOMf8JCz+SVpn3vfAo7EGWvm18OLhoANZowmCyWOiauS
x5gqZI88Ybvoqdj3HM7L1jn0NP1P2FI=
-----END PRIVATE KEY-----
","-----BEGIN PUBLIC KEY-----
MIICIjANBgkqhkiG9w0BAQEFAAOCAg8AMIICCgKCAgEA8Kf88SuV9FheuBMteayM
3B6DvZoguZzSrQJfEdd5bK00fRq+ztHGENBK8ZKACcd7MuzBjCttEMwNwHm2WfhR
foksIrpBUAAsitnkCVw61qAMvUwNXHguw8NsCb3M69GrNgTWzH5lXyXVmwJyicQP
b6cDdSNPoL3bQoSQ1AJFa9iWB3pHLRalMrr4llz59avqDIiSeDHYkxsCb4OvKWsg
LpU4ouTBbbjpxw8z5H6Sc6WnHJSmyqeERHDaLgFOa3twMM+1prCqo/SzVKe4dpE6
pY8X1sV2OSzNub08JZzQqYsNozenKo2WKdDFw6xkgmBemsRaJsPJ8ofJxHggkUgQ
Jaj16iGKN39ezgap8W9qdRnA8UBIdt8FEnpD737oDdvpvm7XcPhMI9v1tDY2H7VX
UP54sF3shi6DFWMBk10cm2Y/Dpl+n0toWaIeh/SxCqVL1FQ25tjNOOT6OWrYhUQ1
GKb7yu/jZp23w1ykfUYHq26wXKFQnFfQCL/XvUH7AwUe+wK/03FGyXbkLqk9wobo
ycR21c58PCBhFoVjk3fa3oJ/xFbwLSE3TySbpOFU5IY8zT9BmJPAqtdbYulEI01C
ENxfnjiox2K8ts/Jd/XE5zVty8+a0LvVkZ8N6sdEnPgAdjFIFr2vevqidPo/ObM1
OEjODO5ShYmUcKxQAMwhdPcCAwEAAQ==
-----END PUBLIC KEY-----
",SHA256:sRpXEJGlSPw60kaRq8Wpo2Ap0eIQrXhes7BjAedeOiU,1,_NULL_,_NULL_,"2026-01-09 09:00:00",1,"2026-01-09 09:00:00",1,_NULL_,_NULL_,1
10,カッパインフォメーション,kappa-information,9800001,宮城県,仙台市青葉区,一番町10-10-10,_NULL_,0221000010,info@kappa-information.example.com,4ee8322c3da6d29b14549b5b65ce03d71f2be36f06910887e1bb164272775e53,"-----BEGIN PRIVATE KEY-----
MIIJRAIBADANBgkqhkiG9w0BAQEFAASCCS4wggkqAgEAAoICAQCx497TYMz3gnqF
UR11PJyta62tpU5R7+LUgZx+1AWHVHVsQN2ZFDeqocRPFh1YNZ/0kSO5ZURzsYNg
U1I0ciG9JIXGWFZZWzhIo/FiFhxEJNIcDKbA2i/pBhtbuThnUDbMVbyd4ym5qwoq
3eDbyfdsVu8JvSp6SFUYWIuiT8+fA1pcrGUEbHxgronafawwMjIoYpMSana3O+vo
wpw41s9Y3tyKzmFUyKRdfMRbZaqKKzGXW8U8gMj1lBU0I/WWTBARVq8BfzxuYgpC
yiWVDtLIUPksCxslCeEGHV/gmYIwibWcCOdgu7EZa435oIIVfRVwcR6+50ytuyUq
Suf/9OLRoGzHRC1mgof6piXuM0O9YZ+UgjQQQhAtDB5xntKboObFRjE7rf83Jh2W
4Eir9rGQ/5O3Y6IkdVx3HBMa9Ccj2OUecrlMaCLdjn7I4nYDZsCro4Zbhpbg+kc3
uTvIsMurOK1ed+wLJkzw1oTxeg0ca4jvET6vPHPeIUercZHfum/yGG56+54uR4hK
KXdTVT7vZdT5HhrX2jH56J0srd5UOaKKkXTfasTeind/U9XlJU5gCB+DejGhh5Uo
c3cQm/h21SC9iw8OcCQPnJKcMxrA/209uipmF9r42Qhl2SfSzQGFc+l0FyGrHtaR
3gkDvPZkJw6xaduQ3qq7q6IwuRIlZwIDAQABAoICACS/iKANDrqQw0O4Kog2Ab3X
kTTegcvubOLudYhDv3Kh8XHwAncllIxUx6t4y44V4dnRg9pAP8BQqu2iuMgpzat3
mIUNaaUi8YEcEPjszWEMZDU0LdyIFj6iqtMrc6nwCanzijfpngyDd2G8nT96PPku
CkpuQBCr0ZxqakoZB7B3LlsXp/SefqEwXTz8Gi6IqBDssCotQSIAKG9YiJI7WfEn
dNLd6IBtxHqllCC3Y2AQpTl51Uh26EzHDwxK42hthSI30IZUJQU+jpUWkmX0/nkw
NREyqCRiIpCzT8Ojop/pStGVi0rR6zdvnxAy5ryOrvef/rR8Lrxy/S379GpNSe+f
4CdBAaHXZKXr4pcXINGr+f1k/nBgE3zoPD4oa34y1Po75q/JvB6QPhfM3G3jje0A
J7DsL3qZ6FN/Z8xB/sMDoEnyeA7JSJjJQJ+/xYpsq21elYTUkSdtUkYLR3QlfoY7
uq7+qBTTNuNaOXg8LGJuxpKVctVSs84RwotkjRuu6q1rW+VAeT/K77KuiB2mQ3fy
MCBy0AhIctNOF+SKq/+UAhwoqkQZZgFvTgsLeEBgb3wdUf2CbzM88e2wUm8rJUAu
tX+pBXpkL2G3+YbP/gV9Z33RnN9D1bfrLIKwxuaeQh0KiwTKJiPRWh7v3/3DV5A1
4XV+isoh80wGRS351K9JAoIBAQD5cko2NwAIJU8+F4tguJK/js0bso9lV/VK/BlD
g538GXIyKPZPfIeTPhMHFOKnWpzhoUeGSMm+0Z71dlb0Eui2RWCMHYGTx8zD1szG
60PuSFcOhFWFSvjYiF+wSTwWWsXKn91A8wp5r3Ym15wdgMYkbrJrJjfYGVW+OjC3
lzaI7lHaYjmZczMAfBMgo8wxPcUP4zRa8UwrldcDC7uah0SvECwfdivsVlX3eqNH
R9VMHpeJYXbRjVt3DPZKHfehVAIlSj0XhsNG2tatptS/XtC2pLtkSfUGa9iUPPNr
TFBl/9jGvwba1ly8P7SV/HIvCw3PyaSHCFrG6r7keFCSgym/AoIBAQC2kE/SM+Bf
7CRKk6hKRJU3vKocUcUdM7aJCaR7O84qnjOzdLXyFA/0qIIBdI321uQeT+civz/u
OK1KA5IrYV7H6V9I2bIXDNQAfe5abY7hPQV+q0LOMfRIBeWq2L/PWGLDfqvNCIlo
zaYUkdJRtgeJmJSOeGVv7G4EXQ4hTFCuAY7iGML6oaZOZ0wuDXPKHkMt4l1XLFLN
1gzGU6AhJJZ3c38r8Dil8LJu0xoPnNLExuc8RAOEhX739OHvaI5O4jm12PjMKAxa
EPED9k5W32S1an+l/Z7heygn5MJhbExA2mnn2UqLMYY7rPkYwkqQRG0bwoE0eAm/
HXvOwG8j+95ZAoIBAQCbJeTWl5rjdiE1Y3uDKwnLL0yPX54k0HJ2sxobje9jb4hB
fozEn5XLlR5Ml0bqBEfzZlaQRRGGJ+cQkQxAPsqTI8+LFocTnX/UhvNS/d2AhWnw
U4rFnv3r39Z0VPiUhtzizE/XJ9NqICICwrQM/Z0/58H9NwYg2JEmAhdu+RQoUuKC
S/m7YZVlRca31Gkab2r0GMLllZNkwIu9Dz0ePegQYqSu5Nco5gIOLS8FFL6r25Mx
FXfLmno7L8q4Cq+Mni2/d89LpLwsg8xmsY89gAGcuBT9qapG1ikc+lQEdrDC4EC6
TPI8hnujcpQlfaCfdeafSLGWczHS6wrUG6kxl3cNAoIBAQCcVBD155Qvr28YKT6H
chjwpG5qV57ZtamNySL+n6SYG+Ybukn+5C0RjKXehyb1gufOCQ/cUjZ1UDUbVtl4
qiVWPEFqiXeVg1eaoDtVVdFukCk/YXmQRXhvoBUdagM9kurninWk2bWId+jKXl/h
tmTX7z7ujKwX3jYLKH/sBYRkrFLkyt1Tbs6Q/qVeHgjTv3w5M0hIWF0Dg1JnFb7e
Ao2R9eWlA0wO1ICGo+ACFIDrHYNuuLLmbMXfn+NEdZy+cbuHOyc48uY4zZ8EjIpi
m2KKcoqh4f6GCEbHenz0nZ7iPeVIMmpBrQPL3/9hsyXUSbPAfJrVCiEWdTHKRkAl
aQzpAoIBAQC1bS7T8UOVOB7PLmQtSqOdUG6CsXFHRa1Ly0kss/v7GV/IuIJjClyF
66p02w/IUl4hNvBZ4b/C8dKkiv11ctJI6XC56ZnShkQ1s3uWjN3tbn7oP8wo4WAm
Pc79NVAGbUZrrFki5dMJ7gWFUjshqPBJ07eRBacy2awdjNzTNmxCV45Jya17ebiE
94XlEAOZ4MwGqQ0eT49jebw7XHqjdPyAyBagK96p2pknMbyvHW/eivYWJm/aqv1I
PPtKoO5ILrtrICktppLVDlQh+bAJ4Q5r92qZsmGuJF8TItO85TSemTsj/vbUdPHI
HlaqrHKCFG1uAznurddlGy9YTYc1pBDt
-----END PRIVATE KEY-----
","-----BEGIN PUBLIC KEY-----
MIICIjANBgkqhkiG9w0BAQEFAAOCAg8AMIICCgKCAgEAsePe02DM94J6hVEddTyc
rWutraVOUe/i1IGcftQFh1R1bEDdmRQ3qqHETxYdWDWf9JEjuWVEc7GDYFNSNHIh
vSSFxlhWWVs4SKPxYhYcRCTSHAymwNov6QYbW7k4Z1A2zFW8neMpuasKKt3g28n3
bFbvCb0qekhVGFiLok/PnwNaXKxlBGx8YK6J2n2sMDIyKGKTEmp2tzvr6MKcONbP
WN7cis5hVMikXXzEW2Wqiisxl1vFPIDI9ZQVNCP1lkwQEVavAX88bmIKQsollQ7S
yFD5LAsbJQnhBh1f4JmCMIm1nAjnYLuxGWuN+aCCFX0VcHEevudMrbslKkrn//Ti
0aBsx0QtZoKH+qYl7jNDvWGflII0EEIQLQwecZ7Sm6DmxUYxO63/NyYdluBIq/ax
kP+Tt2OiJHVcdxwTGvQnI9jlHnK5TGgi3Y5+yOJ2A2bAq6OGW4aW4PpHN7k7yLDL
qzitXnfsCyZM8NaE8XoNHGuI7xE+rzxz3iFHq3GR37pv8hhuevueLkeISil3U1U+
72XU+R4a19ox+eidLK3eVDmiipF032rE3op3f1PV5SVOYAgfg3oxoYeVKHN3EJv4
dtUgvYsPDnAkD5ySnDMawP9tPboqZhfa+NkIZdkn0s0BhXPpdBchqx7Wkd4JA7z2
ZCcOsWnbkN6qu6uiMLkSJWcCAwEAAQ==
-----END PUBLIC KEY-----
",SHA256:/eltW6hSJx2OO7uBcPL4pri9+lQScI1ogWTnbUrLQf4,2,"2026-01-10 09:00:00",_NULL_,"2026-01-10 09:00:00",1,"2026-01-10 09:00:00",1,_NULL_,_NULL_,1
11,ラムダクラウド株式会社,lambda-cloud,1000002,東京都,千代田区,丸の内2-1-1,丸の内ノースタワー15F,0310000011,info@lambda-cloud.example.com,044aff0c9cd926a9e9344023ff7f8239af967ae420b19b0773b6a672a80957e0,"-----BEGIN PRIVATE KEY-----
MIIJQwIBADANBgkqhkiG9w0BAQEFAASCCS0wggkpAgEAAoICAQDBYib61h7tw6XE
qqSAa+zLUJNdGBC2U+SS1nS+yr6nb/pcqpiwG3noXwojgZuTsSLxvXNZq4+wAXzn
Wmm+jfD38WzBhgc+56nX+1ALNZgDPAYw+p8SlQbSBk4kNzebwBGuRTDnWOKFVRE1
D/ZHuUdUooawZK9bPK+D6CaoIZbvw5+3MVd/zyv59iQgtvdzHtAOCpPSQduTEE1h
juZeyvAZQONcpY7qEz5uNJYgKY7fhCqLRYUP6WMzGzk5VPu1YRYNwh/VC+rGTXjT
inOTAJq186rOaqyAinWHMyVN+4sb3A3wW46MNw7RV0NeZMi2DpJE7sBA9jg8Yf8U
CxIoy8X043ea4nHGaRTOQtPf25Jh9ECaAFhXltH8BDROYlBhPyT4/TsboI16Z2hh
O8B+88oE8hatdpTbS0xVZDzGay8T9bNtln8YMyGV8g6+UMK4HnYVr29dZrybPwX4
yghiRLINm8rL2beeeAqjYrpqSPypFcwTpBH88eLn61uKVQveaRaNyAy68p3hg1UX
U5jyOWB14VlUz7vFqZed+0thSqQaMqre0JQ0iMypWjZvWE6+802LgX9m3w6ImH7a
c82MXtk9QnoRMYqw76ip5ihK3s2PYimZ7hZy+W3yYXCpI1Y6rr2G//OMgkdOi0kz
hlc+MYtOcy4LzCuUYcwxBdvoTKXWQQIDAQABAoICAAoa11+XDbGt3f0bT5I4UXzE
PpcIOWNVmeWEWEBZ9sFoDASIk4bsQKAAS1bUoG0Evgc0t5DRcqYnRcAPDOR8pUFH
d7/bAYjrcQgMpT+YstNEcSxhBCvj5qHV24Jv8jNsw1/AVNBZ6ChAbDBCH8ParhwB
jBkuga06TA+P82korCrmJXPcm65dhHZAwt2EwgRdcVCyg8viThdurCRzY51DbG1d
YyQFsKSRkdsPW2Ld2Q3b6Z8yaEQPFXRnsUNKKgbtxkm8wY4P29o11SD0pJpjVzI3
w86aa14iHgcNCJ99C+VOR9ot5pJ0FA2jSi1mBcjhlQoOEbSzSPf6xOnmtDG2iCbu
3yLiKe5rOwW59WdYcEeVUftYLiEqZ7AWsHUIMKpKfGTKCT4EwCgLn5wYo1e57Pbs
+hEnfhu/QSK5bGcJVa5VoY6nV0zbuXTgeHWcHFtQKeYutfNguNj6RstwZLe7qHsW
9DNENcYIle2zXTajqXr9ua4/tdwMeW0ZPSn5XLP55s0Raxhgre/tq4quGDER7GyM
49XNSo/hZmadWBdcQiSZAc1EMg9INy/vXYFP9A7vfaaLMM+1nhaJ+Yihk0zoYW2Y
S7A3HiJn2PPW3C/CgtxJ3/w6+siLS0eDm6rLuybDM/Lpi+R2hgd2XVH5/oqh295g
TXacaWiChv94ynTfxbvDAoIBAQDyeVa73sKQnVWkMY1EVZxwjRopdknf+Itore1u
AWKncJPzBS5JvsY4F4QE33kau4enjDiUiiS6WgrL2Cd9r7LRsBWTOHbmqV7O4xvn
MFDvPBAJbeLrrtKNMQhDNai8aUUEdUAwV0txPmzVix7XAuA4Z4PBq2YtMBLnMk9N
NUPmElsjV+blKhRcbIwyck9Mzq/RbtssPgxW8GzSq6wE1e4UqzBsQJb8yj0mLOUE
fvQ/tUfR9MTRmo/mu0eZWegyYr68OBgwXbYYmLvBe6QqUkDjnk/DRd87MuC5RAFz
GJKHy/lmjZTiFL86fEpgnIFN9/f2mkz4KmuiIS/uUdx1DA2/AoIBAQDMK8Xw6el7
cBxpBlKaQXEuz76fMTGYIsaCvXT6T8flz2+CyfBUcIb5Z9XB909jHZnjtxz3U9fq
2T/5wKXTKtsUskAPsFHBz+VcQirMZq1EJG3i/wrSDWUvlmP47PRWODTqqjCKnIWI
zN1PG1WyLoNdP8jICpU/j53ovloNW2GddYeDBE8BNM/VzQtv4MPh9GDITwtT2W+d
6SmgoNn9JJAg9YgK5Q3FiTubuj+5fR7fW492U7uMqh69fsDbbbykfrgbVhTA3CFN
mPr6UtLVU+NaJ7UlGE2d3/TY3TJ6wdzA4veaT1piTPMVr2TrO2HrRni/y1UiH13B
T+CgYmneDxv/AoIBACdJx+b7CjWaeLT5HnWzFX0bL+EF/KRgxl34yJ7pdI3C7QYU
kdJ7Ke0OymJrv1i4iBt62fQfiiHz0woChSuVW3kkeep33LQ1P1pwbCYCqyqIZeTR
PFKJ6i3cgwU43ZVhzUASq4rpqhy4S7QyLZYTLjeVdkDcP9sUjguOGFFfTxgpY0EP
zibVsaTkJbdK1FSSrORXfQXnK+KuZEOic2X5L/GDZ34y3QQq1MupvJYE6Bimi/OW
IIoB7E0rjUdozPnVDCi9QhYcKRRFMy7/lLMSztbS4QO3/5q8/LKoNT/r/Foqj8ex
Ky2SxQV5/Cc5VK5IfpIjoFMZtIT5saWA+CKzCEsCggEBAK+llOOeiMQt/fMIgnW8
iR+pj6eqja0BdeAyF3nkuudlHtzY1839BNF51/bHyV9Orv6toNjSI7Yh8pztdHuH
qfRTKTOWD6/6J6rILcOtLbCq2nJn0apF5eAbtKQJTmcCcdvUUHBfGa5H+Li+nmnt
BAxr/FLEcAO/jS0W3agSDpeE7fDz+vfhtE+N2CIGrt4r/Ds3bVpUfGbQmYRb/U1/
cBM6yC//QGrJliNyBrKQBshHH9O/U2E/VbTWYBomfRzS+5Zg5vfIKUp1qq1CJalr
QvNjp75i+xsv+Ze8LFpZf43ddQAm9m4NHy9vthV8/8+F0AnIZtQ1QdY13tx77fIg
84cCggEBALV2h0+9f8ibqhnPrz+K5e8O2ChxJsHR7NKV0Jw8f3v79Jg31Mx30Ci/
ur1CG9wdOvdInRb+0WzAmGt8dW1YmMf0b2fpHkH+4Qnk5bZMGGYWdbfeMfbk6/UZ
TCzxZrKAn/28kpvGKF+pUJL2XI1f91sB1ffo8mhuvE+IZCTedy1el+CH9RT1E659
RP3lflcNfSSlVWgeEAbNqqO5ITnZpawH7QaeUD+lE4Fkgpcmn52c3nJeVy1zP75G
XuzmFPG7zSqISuRcJu4XldBInIXatQE4uN63RyxtnD4nsOvjHgBJsmNr6Mov+Ttp
Djkkm7x/dS2pW2ivgyriJ6yxmADqcv4=
-----END PRIVATE KEY-----
","-----BEGIN PUBLIC KEY-----
MIICIjANBgkqhkiG9w0BAQEFAAOCAg8AMIICCgKCAgEAwWIm+tYe7cOlxKqkgGvs
y1CTXRgQtlPkktZ0vsq+p2/6XKqYsBt56F8KI4Gbk7Ei8b1zWauPsAF851ppvo3w
9/FswYYHPuep1/tQCzWYAzwGMPqfEpUG0gZOJDc3m8ARrkUw51jihVURNQ/2R7lH
VKKGsGSvWzyvg+gmqCGW78OftzFXf88r+fYkILb3cx7QDgqT0kHbkxBNYY7mXsrw
GUDjXKWO6hM+bjSWICmO34Qqi0WFD+ljMxs5OVT7tWEWDcIf1Qvqxk1404pzkwCa
tfOqzmqsgIp1hzMlTfuLG9wN8FuOjDcO0VdDXmTItg6SRO7AQPY4PGH/FAsSKMvF
9ON3muJxxmkUzkLT39uSYfRAmgBYV5bR/AQ0TmJQYT8k+P07G6CNemdoYTvAfvPK
BPIWrXaU20tMVWQ8xmsvE/WzbZZ/GDMhlfIOvlDCuB52Fa9vXWa8mz8F+MoIYkSy
DZvKy9m3nngKo2K6akj8qRXME6QR/PHi5+tbilUL3mkWjcgMuvKd4YNVF1OY8jlg
deFZVM+7xamXnftLYUqkGjKq3tCUNIjMqVo2b1hOvvNNi4F/Zt8OiJh+2nPNjF7Z
PUJ6ETGKsO+oqeYoSt7Nj2Ipme4Wcvlt8mFwqSNWOq69hv/zjIJHTotJM4ZXPjGL
TnMuC8wrlGHMMQXb6Eyl1kECAwEAAQ==
-----END PUBLIC KEY-----
",SHA256:pBv5sSiIWd3k7aIPeZM12MuQ/aPLliaFHPOLD0LwQzE,1,_NULL_,_NULL_,"2026-01-11 09:00:00",1,"2026-01-11 09:00:00",1,_NULL_,_NULL_,1
12,ミュークリエイティブ,mu-creative,1500002,東京都,渋谷区,表参道3-2-1,表参道ヒルズ4F,0310000012,info@mu-creative.example.com,e362e72af71e05b7d3ea65c9fe2d5d7b8d6672184a3e35d1ab277c5289caadd6,"-----BEGIN PRIVATE KEY-----
MIIJQgIBADANBgkqhkiG9w0BAQEFAASCCSwwggkoAgEAAoICAQCnHBW/rnyRXkXS
4kxqgxXh9t3w+qgru/l7aPEr5AlwENXk4UTBCVvpsCmB/rWlEKP5VcJUr/KGZY/P
mn/ov4ldlU506Hd2WDb/zQnZluCE2+vPcxwLpXzUETr+DWOQFGFlOtsrcWDZdjcm
ac/jO4c+zhht3LjMgkMpQZgGGyIXsWtUBEQgpb+xmBjglJ8Ib7tR0l9dVpihkZgo
ikjQyl5Y2xLF2oBnSzD+2k53Vx6qFxnvFisvXRJzl9+yVMF6hWIRwZg4zP/6Fi0d
191fCbzvtcW9U91u1p5wofb4XEKPDVdP+rBb+/3ZPAImoifZfbwp30b4xbivyKkB
aUn1zo2X2hR4dHhXYs05d91bSNbOvDf8FMSfo56LBI35YftXNnomoTicpmi1HYOO
qF838KPVFTMeTgsfUXoKKPzW6OGJ0TNP1z0QvNPXs12z4vUbOPbFYDd8OreW48cQ
A8WC07vC9XALZIRsx23YqN00DWWAbbVKmxom1ay3RrFJsh3of8WR8rRN1DpaAuG2
8yAMi589ml/xgTcU+J9d0L9ttJh9ZekX/akKfFdGKKUUW6ZjMUhI2dmlnfEfUWKL
PMhoWZhLNK/8P2ErLTETtKx5Nk0/B9wZRgf2c2aW1kv8ZhNzVq31sS29VJBAUH93
c0dBUT2pLB+4MnKleE9CS9J/+TEeQQIDAQABAoICAAE+thHEwsRRe7svuOqFOf1C
OdKRB3416wymkj9ltkVJttI69GhswazKxXBkvaUya8pQf39ihS/Ho2vkRoYtISCb
m2dHERbGXviGZkei9l6/BbF4tdGHZNfune4lGuQIptYae2YGNPbByPTmDmiuuZn3
7poo7g6F/OqahL+s5ZLgHUDVvE0y9uvjinHn4YxuSqq4IsI/AimX/FZ2+0Zk75GB
ZlEniNPcLUwEw9djRIT3YZfUpjM24guO6tl5BKz9P+cKdnAb5N9P2Xuyr0FFQQ1X
IRdBP/HSswD7T+v3Qf6vVoJvx28UAEblSc3QYPQfme6E7ZIuZOsYV1v9lRG5/XeM
S90MmiGPLqCFkDatHDzDOeYWz2FG51ey5Z+xiDNmY4/PFJ/qgP8SUf0uhD24qiWT
pCv2fSWzLk+0u2VWel2nPKIUzFhPxTu0Nb7Qnlb3LzijOzIYr2/W/PXBLeku+Yjg
z5efKwtuB/gkRdeqDoa+QARNdKRrgszyB95P0sX3CpXLD11m4ccaVmrAa5LLp/my
MJgspZJ2ZN14lPAAKT5t057RBfdMPPUpNVAt7g44CNaGm5xACCFTTaCntlFCYK68
5wl+CdVxtNhtdyJu/2ud4UkCM1ppiRN2mkB0Mmi67dfnNKT8CHuTnflBtwe66cqf
Q4GmbbJDywy9J9Odn52tAoIBAQDoQyuefn1l3suIBlRlRGYkiIfpT0msTrzUzZVm
7YOAXoeJ1QN6UN7dWThSRRsFc0LqedB5QgaTWvoXWKVoMYRvZHsO8USf525WNloa
PArW2doUvh/CZadO1/sjqpqZKlfGy8lnEDdcN/5mMhBj1TiIVE3bODuRI8rXlR+E
EC+MFkHurRMd9l1gZ+ILjboPVrriWCI47dr4ccDeGUNwBJ1dWum+A1qXz1S7dc97
nh9yNxSeBOBgGvWoXU7+4LAbwPv7iAR7aciHqlvvj/F3SCRoZ8vqCoVIQJeU5j3J
BQ6NgekSVpZOAjhZHU9IVXoIW6nC+wngEHntWUep+X+7mmwdAoIBAQC4MEiHO7NJ
QOc3rgEVKmW6VkjvTwPC0SDFzO1FbpmYgPlUxP4q9ZXa8IeeoUNf66CQ1hZMzCTC
1ZYCpRMG8C58ypnVDLCoG3udJcPEtZygaMbhH8rm7zgbyh7lQvVllD+dBt2Tt0U9
Ypdp3q/XFGI6tPt0BBCtJweGaKrM4N90pEHp/c/AhtiG8EgUGXvq53Uhh2wPIwZf
btSvUlyNEWcj7OBxT0SP2ai4kcTxvGwSZ43rzPro9ZDa/JsY0uSTVgDsdgQMJth3
fwt/mzT3EV2UGgvTm5jQL03w7rGp18V6F47B8eyaCZUWbFD3R4iobdeIiQCspbTK
G5URfmnJVHl1AoIBAQC+/Ezn3Vc750IxrhLD2sSrEeHAhcQs/enkitBpfLD/Y7vM
KO7dK5a3KOBZNh4ME0VZDaXRr+s8TDkN7YTF8sHV3ygZl2c4ndNq7PKWU/0NwsHD
ALuY3IIBITSPlX/epqTbAUOxjfIX0KtOWaiEjxYXdEs5EjpZFLd9IlByBeUzKjI5
EvR/VNBfr8x+d6Ihbs3pxVMOwPeoB9HyT4/WktTbqSA/cP6TipdANpXQLqvo/UXk
0lm2bTTHp0KH7zag+8W4hZY57ThJ5loG2bRSw228tG1HHDOQwBxlAhaYL6JR1htT
SwP5TXYMQT+qWS8ppEYp4Me0CZhZBWsaZ+ES4N45AoIBAGzMWItJQIYsyGejaRBP
kveWsE5rphUV4v30JtO0mRX0WVMxadGGb5Z8LiANsfafAKGNVG7Yx34vHAVD7RFU
HqGoK2YlsNQcJ9CT1igD/xjhy1h/pyLye3ou0kEqZDo0b78ZpxjyUPwJmNb4q3Wo
nL2A2meVXyRowZErknii/FuyCx1kx6s5+/z5QhpdU01Wm2HK1JG8Zq9IkGlfhTvu
47Xc3lcQM7elInyj3mnMmynj8XkwA6ZIJ+CzBgqLyGkfjDwhGhLzfzpW2TvvOkIX
B+fL2uCMMKAI0UlYNanVwthzwefeN5xlvKMaKFlo79hNydrk0nkpCLm5wTwsJ+C8
/WECggEAGwMeCgz73We9qNT9lUnXlSOEgT/vIlCyVTAZdUt4REDhU9mX75xi3J/E
FxXQcrLe3YaQr4xXJJh+LbxTA7zTyJYUKVtyQxzUCYHFr8bjwVv+bSDnqe9mGuqx
4uuhQYySrbI+kQ/dEpqveZJll/b4pdeaICV29bmwOrrog85XOXU6S8fLJ7q/rH6H
PXWTk7eImmCvb/KUOVuvFDA/fIEemwQfSq+aozqD2wfJmePlsrBW21Ly3PYoPeIU
bxk6pZy13r0pEizg6vuNdCE+DnpJqKuJX5UVClcAb8CwE+hWhRWmFbCHitNVgCXn
c++AQVCJ7iQ0C7mQZ2QPGhSAPX9Eaw==
-----END PRIVATE KEY-----
","-----BEGIN PUBLIC KEY-----
MIICIjANBgkqhkiG9w0BAQEFAAOCAg8AMIICCgKCAgEApxwVv658kV5F0uJMaoMV
4fbd8PqoK7v5e2jxK+QJcBDV5OFEwQlb6bApgf61pRCj+VXCVK/yhmWPz5p/6L+J
XZVOdOh3dlg2/80J2ZbghNvrz3McC6V81BE6/g1jkBRhZTrbK3Fg2XY3JmnP4zuH
Ps4Ybdy4zIJDKUGYBhsiF7FrVAREIKW/sZgY4JSfCG+7UdJfXVaYoZGYKIpI0Mpe
WNsSxdqAZ0sw/tpOd1ceqhcZ7xYrL10Sc5ffslTBeoViEcGYOMz/+hYtHdfdXwm8
77XFvVPdbtaecKH2+FxCjw1XT/qwW/v92TwCJqIn2X28Kd9G+MW4r8ipAWlJ9c6N
l9oUeHR4V2LNOXfdW0jWzrw3/BTEn6OeiwSN+WH7VzZ6JqE4nKZotR2DjqhfN/Cj
1RUzHk4LH1F6Cij81ujhidEzT9c9ELzT17Nds+L1Gzj2xWA3fDq3luPHEAPFgtO7
wvVwC2SEbMdt2KjdNA1lgG21SpsaJtWst0axSbId6H/FkfK0TdQ6WgLhtvMgDIuf
PZpf8YE3FPifXdC/bbSYfWXpF/2pCnxXRiilFFumYzFISNnZpZ3xH1FiizzIaFmY
SzSv/D9hKy0xE7SseTZNPwfcGUYH9nNmltZL/GYTc1at9bEtvVSQQFB/d3NHQVE9
qSwfuDJypXhPQkvSf/kxHkECAwEAAQ==
-----END PUBLIC KEY-----
",SHA256:KNF7iyxarCHAxOcrevCG1sfvL5ndWy/T5ar0DE21dUQ,1,_NULL_,_NULL_,"2026-01-12 09:00:00",1,"2026-01-12 09:00:00",1,_NULL_,_NULL_,1
13,ニューデータ株式会社,nu-data,5410001,大阪府,大阪市中央区,本町4-5-6,_NULL_,0610000013,info@nu-data.example.com,7a669bc8ffbe217b39a4272d1ae5fd64e98e6c6d03637ee7f8a196c57065f8c2,"-----BEGIN PRIVATE KEY-----
MIIJQwIBADANBgkqhkiG9w0BAQEFAASCCS0wggkpAgEAAoICAQCcg2miJ+KJQC3U
S8RTO3Y9WccIiCWc+soBkVmhO3+gKowKdfEhuYEJBdJGlajhq4GhZ1AphwpWLwar
FgoflX0mSmmmNXYLh8ETzMUVfVRaxGRdqQCuUpwnG1K9tGyjPtvYw9fR6KxJxxEr
SrcpzAfaxgHj8sLf3UIIfx068NOeRc9Zf34aII6gGxeEyJARHUoTEtfmsq9ZGKKT
BXyS5dqPx8Iu6bSCibhn2ll42X6q4d+gUjbnwsizP9OUismEI/+3jje6ghTkOFuz
vjpg9iHIbv91bBSE7uw5M60JHSx37aLnEg41Aul8wfHGc/z/tlwtgTXuTF3PQFuB
vXCkuY3Aw67UIHjRUZzgOjdtryRIgYTq49eR7MyB2hXznANv5ASOZYwJyI22IPKR
tlPbzB/JtYtRepgyr8h4HyysO2MTl6tinvBL1zUSkQJKFZ/jCeN115dC/oAh8xML
mn7yguqAeEjC8SZquF77sfYxMc2gCdvYlGq0fMBZbWfhr1nBFhJznvmiXMXLRv5V
tORudYqd/P6EpnJZ+AynCBPoPsx7FId4uHjpXXN0Zma0ex43tufQTbWmvjs5YAEL
JTHTvzzXWsBk8BXB58xfJtJWM3XwCHG6gqoAfvHUF/SpwaBXUZN+DmT5Zp1S6HpI
9RCyTAYUyjZ3VsIWD7eYhzLN8cpfdwIDAQABAoICAC5JlxYD4bVhq6wbdEaBUWi3
gmt9iFIywUdRa0aJyCbgLmZxlwy4RfcbJ6MEY9vJ0x6e5VBCxcXTRo+WhwvsNAT9
AN3M9cpXLbzjVG4UkLv/VQd2EeN8Pv450HCWSYLF9lLXKJ7Fxx5Spzs8b4sG8lO7
N5folcWLNBo7LbPewVcPolD/qZWkh0nGeWAlyKWnGd8mNX/e3IjnBj2g48S2AbuA
AmfJaj8o58afBtL8z79N6csKRX6pVp3chIBrw0k3NEte3hBkpDUSjdxMqAtA/6C9
YwOhIThnSKlqJQSLAjm9p+3aoyT+ZXsmCJD+gJZHol861W5SW3QNvoJSOlwdHFSt
jWXsAOCp4mnqSBiEPUUbt7ccot3RHpmIZohDjKjQdtH2JCc26d5obhF8nqXJjxoH
zB+QqFV88pOWpyQHY4RFgj7rtmg5WREaQyCmze/dbEkzPdH+sSEWpDY4TYdYzY+q
xaqOeD4FB8MxsBUa2bh62SiBQIvjDr5jc2eQNKL+nJrnGvGp3wn34mAt++7jmdei
TMeqTiRDTh/F28KLlm4ozbkdzm/zaN9TwKskaDUAbbj3c/SfSEeuT/96FyTebjkv
QubrEVX5RA4KuUK/CBTOYkYrcgjbssIUmwOuScXdtCwxQS09mTJcHF/Mj/3/OQ1I
zBI3UBeO3vW0eiIv5UxxAoIBAQDQL6hS2DcUbZX7LopidpEiUsLfP2FdlY767Msg
mO+PJS+SuJAjm70cW4rdIM3eu9kdZuWgWhZW+VwR2yVUJsNgm0TSs2FWvofROcDq
nX9w3VKlve+RsiMDurfKu0Ossy9tJy5ckTu2Wac/HtCEuIQ6ftUg5xEqHPQiL/m0
owLqj44z4D8xm9NeKLykCVZTqStjTb4+ckZPJ4XG7idwKJk7h2DIFGZkUpNqNng3
r34CT+aBMQAoorC3aYqw03z+lZ/LoecKZ+SS6YCsUBdj6mqMParkwBA48MM3w3EX
i8fn3rQqkoT8NQNyjlAHU+vbPYxacTcZMGTUhjt55xVIX0TLAoIBAQDAdaRLs50H
cJf66DNPWXUATD6gKP9mIcEXHAwBGLY0s83q6ouKWyvWwF6KlTY8XP9tqbMjwqpl
inJWdJlIMHT5FWTbrIaLwI3tj0eajrQR9KRFVKWm7piuPPmlZWGrpcG7GUSkm1vL
Bmj0cvV+NYe9ReGiC7gyZu+o3eR/X6i0FrOZ4meszkDVJlM+L0V4A7F4HChX6lQm
LqiV0VkNf3vkGMRxhW3ypUR142Dw/vdMvdQfPeFsZqWupTbv2zjoZS5zxvIn0na5
DmmGAlGCc5BjkbMIE/0/U29Lvq043g+5PrxYkFrO3NwH3KbyVirA49c2PpFEburA
zKg2sTQvEKaFAoIBAQC2p9mrNgC9b5iTlTXdReH4l1xauyUWEs4r4e4mX4hvs1SW
ClCMrWuyoa6obMuzjGTlow39Lo1DKe1ZzUhnGMt6y0ALDU9t6CUJsP5N2nmh8M0+
lfLHhd+qufvfZ4Xs1BncTvAiT1pwlyBiBQs2Jx38pKMiBxnMNTMNe8I+dndsjR9a
7HkFcY51opA/6+FN7bMfoWo1J9YARNDexLzdbwFidVi4sw1TIBAutDOtx89q/+dh
mjhlbrhVc8g3dJbKV0SoSRiIzLaDH1PB21NqWpW5DbIOmWSiULs3BccHvaBbE85H
O95p2al4rNwSUdMxvEKUZ5jMBOWygUNVpSXLJasZAoIBAQC8D3hOfKE5jt0DUPgq
VkiM1PPw/n6qJtuOIFrei24ny3awUSWvOW15+BmpoyoPC/SQDN2+WM62T/Vv45mQ
P8FdT3lxaoFCeBJ3iqU2MrFkRkBqes8vckABKhXrd0hcOKk4kPVRP3oPxiCylM6r
19TerzVOadNAdPNEeCZ6DFhGOVSgTuptolEZtsxqnDhukHVO33zQg2pcsQUM+Dbj
iKnf9g+mufH4w2NFKr0kYI/4DhoDuSzYBulo4YnwEK/n7k7Y1RL0tKRMKfgU+Zj6
NsBlew6NGzNAOOAtDJIpWlvU8KeMhuok7w2WJReA/4/hUgGOwM6kJxn+8TyBzOAo
CUYdAoIBADdNOz1MRnzI4mximX8Jfbc5jA0q5WIZS/aVoRO2WL+Gan2mUDWuZyN+
BSyPZcaBREqDwgdASxfpVgXD31Tog7PyhPbCcnWfgoNHYzaerxUxm6qL0iS61ovJ
zTLk8pGdbaZ+vaPnJ5JjTCHXJW2pA6pUtNvMGtZx7RAlUP9CvlgM80R0v8RakIuH
5gJMbk/+KSfO2Bq7UOuUmwFM5rfuDxcp8uuFUTQpGvjUyS3jfW5X0sDJP3jv/7f5
QqU+jR0fvppC8qnjavhZoXQclFXcbvTvJf6jqYJiBOli8iwAV8y24flnb4cD0VA9
3lcNunUUIpfIlRdA8wfIpvHUl8mUQPQ=
-----END PRIVATE KEY-----
","-----BEGIN PUBLIC KEY-----
MIICIjANBgkqhkiG9w0BAQEFAAOCAg8AMIICCgKCAgEAnINpoifiiUAt1EvEUzt2
PVnHCIglnPrKAZFZoTt/oCqMCnXxIbmBCQXSRpWo4auBoWdQKYcKVi8GqxYKH5V9
JkpppjV2C4fBE8zFFX1UWsRkXakArlKcJxtSvbRsoz7b2MPX0eisSccRK0q3KcwH
2sYB4/LC391CCH8dOvDTnkXPWX9+GiCOoBsXhMiQER1KExLX5rKvWRiikwV8kuXa
j8fCLum0gom4Z9pZeNl+quHfoFI258LIsz/TlIrJhCP/t443uoIU5Dhbs746YPYh
yG7/dWwUhO7sOTOtCR0sd+2i5xIONQLpfMHxxnP8/7ZcLYE17kxdz0Bbgb1wpLmN
wMOu1CB40VGc4Do3ba8kSIGE6uPXkezMgdoV85wDb+QEjmWMCciNtiDykbZT28wf
ybWLUXqYMq/IeB8srDtjE5erYp7wS9c1EpECShWf4wnjddeXQv6AIfMTC5p+8oLq
gHhIwvEmarhe+7H2MTHNoAnb2JRqtHzAWW1n4a9ZwRYSc575olzFy0b+VbTkbnWK
nfz+hKZyWfgMpwgT6D7MexSHeLh46V1zdGZmtHseN7bn0E21pr47OWABCyUx0788
11rAZPAVwefMXybSVjN18AhxuoKqAH7x1Bf0qcGgV1GTfg5k+WadUuh6SPUQskwG
FMo2d1bCFg+3mIcyzfHKX3cCAwEAAQ==
-----END PUBLIC KEY-----
",SHA256:qEhFTXpY2Qz58kzf9SOgEHZZbEfAdIawnrRxLf0ski0,1,_NULL_,_NULL_,"2026-01-13 09:00:00",1,"2026-01-13 09:00:00",1,_NULL_,_NULL_,1
14,クシーモバイル株式会社,xi-mobile,4610001,愛知県,名古屋市東区,泉2-7-8,泉ビル6F,0521000014,info@xi-mobile.example.com,8d3ceeb061b01ac9b4b93e26ce9c7f359d2ae7047fee1a851c0f27c32add5136,"-----BEGIN PRIVATE KEY-----
MIIJQgIBADANBgkqhkiG9w0BAQEFAASCCSwwggkoAgEAAoICAQCgCN9l0QzM0IAb
c1WSRYsEOdxaCDK1W7UfEzZ0EmhmBcmjh3WLK4HF5cTMIODnsIg9KrHpbROcgOt8
k5+X4rmUjZVhQf6X5wO/3LahjtpB7nk3VnjSzhOUo6c1V5EVr2hEjTfyzjuKOzAr
2+tSTfQUI874vf/F1Y9JzrnuTpy1b5cLAs2YThy/WOeLMx/z54t8ZPgJD7rbQKho
l+GK0VFLmw2w20EORR/ieNrcnk7JcpAgbadUwemz9eTonycjVYWFCcvoztyp/6YJ
ZAREK1igVvU5UNDZfPbcvq8Y26JHpm0N9jdPx4ihxvT8cmeZkg4OL+1AUp92Lwyp
+VaUJAFKmhSShLPwQ6he6ISdlnYHvHOJe7zLfo3+CCM7qCpewf1xNrhD9rQjPedO
qt2Mg8iUfn8sMZeECNd0RUuX+ZW7jiSheuxXENJnRJ+7UOIwALeKgIeb2Q9wl2d0
TLD2dParrmJiSC8TlSF3kYPuVH+OMkTAnw0gaixetzGdCdCfkF4GNFAvznt9GIPJ
KG0LZ3xFBe79FBbTgT7ZIuACymJWbymr3cmhWLdItpxKNfNZw3KQkB8RfR2tn/Jv
x3/SKXWDyFCVRbZsADeMD04ENn5nTvi87bwGMKLMLpC2jUbZFPArGsfmX/8+Lq9F
M7NHUFy16eyFnj/b3UCykd+RgjuqNQIDAQABAoICAAMp2byqAr5DutyQDZd8H3Dg
ce4nrlTucKiiGRf3SzAFGkTMxzKOlByk25yLY9bAoxjOcMDkApi75avLQULf3PpG
SDcpdk5rZyQSSVvtNnxKKgRBhdbo8vMjvwjrZ7dNhdqhDgOTNxMW829ShBbW6qXB
RXSeUOGIxLHZT8yZqjhd8dbqYcUKekAAEmeqhY2tPJEjb9HCCVgPMaULp442cAx2
DrG5y9Hr5OL1r6Hf0T/jL10svbuLr8J6cGF2z++/X4nPNUQvXqZPoukZnIn6b2CQ
B33wDojWEw0vCcgMg2s2K360qMg/cgB8rdgVrN2YyQVXxjFY0MUlzfLINoFsKshW
Ovw2U0i5TC6/aXIBLQZhfCExVmqgRVgVU+3CSSryRSjmOotQD67ahMvq/+LRUEeb
tSV4p8DDIriuWFTl3eBrUOXs3GGOC2icj896A1pQRTL/5qskedoXgfJ0CJ08TQtG
VkAXsKp73SNR1hmlfnBay2PiZRcOrGklblUdzYHIHloBasjrktjeKFqPgFlwp9bD
YKxyF59vY8KaqNmA4LqGZaJx25E32LoGcK/7F14Vpo8L3iVxpUByaXIEClECRQTC
rZt3GL+958QLF50yM621F7M9TMXVysDK3DMjilB6obJZpWEKKbnOiZNiQSvZ+ChT
kB6GQ+RdrUrPYSxFKjM7AoIBAQDVUEgnmL4Nuz3Cjsgz1QBW4rr1M2+wxMDy9jD/
tLEvBP+QeEaChbhJzwPVV7qDLjYVlqYnO9AufwhLC1CerufbwmPam2xmswP7jGbL
js/Hv0zwu25z/WlWio4QVxRXaEimMuFmsHfneKNiRoH7tjeaH2KNUSjcxfbefmrK
4gs2pgYb8U8iUf9oCkeKjVTBSM5/U+vt6PE1cnKhImDICoSjX0TM0NWDMUOm8nFm
Lujkci5VJsERgVfU0cji3swW5IZPFin6Lu+Ofz/4NtD8qnHt9x3nvs5BuWRa5oUE
7zfrNNMQqM/v66pwmiG+21B060gKy8TylVj8gXo0hr9dy7k3AoIBAQDADzHl2eCV
MP+inLqvMij87j1jvHJ93COOs7GX+VZXxCS0F/dn7jZZoqE6iehK4lAvQWlT7Ctt
XkmUrbR+aqxVvftHIn7icqX705gjJg8t5rLrptIrqqqaeFM4SW292+7DgxrtZhIK
BEjgaRkJbiwpVrvgVmgJmjbfBxI07axvCLLHGMJeJzrlr5uIJ6dut5RSWeQ9YnEp
3sdy7epjH+p43Oj+l4789QBiaziYkO3z62X/2O6MFBEXuLmR3WIKqBquNomWYUfy
9BVhjrIG+AosQ3UhdEAFt8odLRu/lS4qlhk7R8INHySio25iD19DxyHZHJXpVgIf
jgTBVun8bX3zAoIBADUrCIEOGjjz9aXbztzUd3wwkSbyxiEKOYmVgYsKr6snlMee
ovx/dfq3pZ30euGdkA97eDiJOQ+NzDRgQpz6vYHSBu+DE9bZQeHeEfUkyHdiIDxU
i2hPvoS6jkRWYBSVQp5iSjo9O/Wu5RJmvplNxrgcoITWuNemZCz614VwKBlb8mPe
lrnYNE/rV/+Z0IlIq2ejNEgdapnGx/mPxw21SXArG8vtNXq4ucMP5OHySUw/hXrl
6PODCLBcBbU+kSIXnb5yqM3aCw26e+hTSW3g0frdQE/2CBTrr67UjE05jveKOB2L
5iBH3jiowkZ/BaPOzSsbtSA9x2tQnnQfLe2kDKsCggEBAJ0KD5/ExjjXJr987byh
BBjEaJfrl6ZH4R8m2RjNvIbpD6XeTuLBSdmC+9gUuUa5xBzPnGMNofi8dufGHOad
LKqzPApPL3bTjdraifR7gz/h+fxrnEAuPW8u4cUNbVknwxREWDkzE57zH++2n80x
M5TdoaNuo4Tuft1gN8flavAjKaNYIF3CMAtsynzLB8GlA/dOHyz+GE/HJEhaNyO0
DhGjeDPsEvPNFPJkf5NoNdkTaoSHiY4qPkuqNLoLTcYu7Bn06A15H86NPApYFkNS
f2bwBY9EMbE7NV0j7CN7xJL3xkvNgeMeyuLdRT2TGi8eXRPcpstzEytgAY1hFtPb
Z3cCggEAPyqmzfgtkfS+hMjifDRdC5WX703iMdF2+Zf8GAiTpKoqUyaB+zAmlNqs
IUZDn7oeqnVwVpe7N+glVNW40uulqZ4hujOEXjl6SKaVr1dqoDIVk9369DN5CrwP
j/z9idrL2avOUWE1+M3B+PJuzgQmpGwsuxtkOZAam9QgCr5Jgjud31aL+6SM2LAQ
U9w6Ez68Fs+ux5ufil0yLUJJccLq1TFh3dN1K/zhTDZGImBMxPNXxjHP9u9SK+9d
uZ3LzqQif8mYVnT2RmKEHsA3oONhtudE9E8rMSTBLfA6+z515hASPkHwT9TIj7CF
j8d6RI14IQdicHyyB2n8Tg2csP1b6g==
-----END PRIVATE KEY-----
","-----BEGIN PUBLIC KEY-----
MIICIjANBgkqhkiG9w0BAQEFAAOCAg8AMIICCgKCAgEAoAjfZdEMzNCAG3NVkkWL
BDncWggytVu1HxM2dBJoZgXJo4d1iyuBxeXEzCDg57CIPSqx6W0TnIDrfJOfl+K5
lI2VYUH+l+cDv9y2oY7aQe55N1Z40s4TlKOnNVeRFa9oRI038s47ijswK9vrUk30
FCPO+L3/xdWPSc657k6ctW+XCwLNmE4cv1jnizMf8+eLfGT4CQ+620CoaJfhitFR
S5sNsNtBDkUf4nja3J5OyXKQIG2nVMHps/Xk6J8nI1WFhQnL6M7cqf+mCWQERCtY
oFb1OVDQ2Xz23L6vGNuiR6ZtDfY3T8eIocb0/HJnmZIODi/tQFKfdi8MqflWlCQB
SpoUkoSz8EOoXuiEnZZ2B7xziXu8y36N/ggjO6gqXsH9cTa4Q/a0Iz3nTqrdjIPI
lH5/LDGXhAjXdEVLl/mVu44koXrsVxDSZ0Sfu1DiMAC3ioCHm9kPcJdndEyw9nT2
q65iYkgvE5Uhd5GD7lR/jjJEwJ8NIGosXrcxnQnQn5BeBjRQL857fRiDyShtC2d8
RQXu/RQW04E+2SLgAspiVm8pq93JoVi3SLacSjXzWcNykJAfEX0drZ/yb8d/0il1
g8hQlUW2bAA3jA9OBDZ+Z074vO28BjCizC6Qto1G2RTwKxrH5l//Pi6vRTOzR1Bc
tenshZ4/291AspHfkYI7qjUCAwEAAQ==
-----END PUBLIC KEY-----
",SHA256:dZvOSx1U53bPjwD7zY32Lh0Df/q86uPqKvtulrKPxPc,1,_NULL_,_NULL_,"2026-01-14 09:00:00",1,"2026-01-14 09:00:00",1,_NULL_,_NULL_,1
15,オミクロンシステムズ,omicron-systems,2310001,神奈川県,横浜市中区,山下町9-1-2,_NULL_,0451000015,info@omicron-systems.example.com,4d17bb4fba3f97333d050b28dce47add0ff9a015398f64f54f12840bceec1527,"-----BEGIN PRIVATE KEY-----
MIIJRAIBADANBgkqhkiG9w0BAQEFAASCCS4wggkqAgEAAoICAQCq1bOj26Qm8V3p
HWs4Pq8Z1uPpquW0jYxmXGS226N1MDwtYnQSISChJEE3YjOKrqMXOTowmJPG3P3h
9FTnM8kTITJMoS0c2wbRzVXcfLEIi6tQPByJU9+62PptlVRy3I0LtMujh/0pe9i6
ftAPx96b0M2b4cTrpsarRuOkqH1SyR6Wi/SB2dOIcs+PhQfpwcsF1dHgnw9V/IX+
NiM1ZB3qRb2U8kk352cMTcR2A3Fl9cKVJ0n0FMcPWN8F6iikty3xjquKYJ5w9Xms
ZCU8503lzQpL4gJRBhFXInwKc6064XEoKG4hVtP3E2u+Q1UPrkMAmUKozj4xJqGP
Q9WyvwI+sHLvHDHSNh6PBnlRBy1JVFepmWi/gjSy0np+9n6YCUbFXxvJzUncQETm
iPBpCTCS+KeYhbTKhENyF1yX0cB0LyaL2QksaMclwQrMXlt1Vdenf7O8Y0VfeSvl
S3b5p9HrxfmcC+gYf5aX3lOykFvEFD6IvHdZFIqS7aWH/D+orJVP+I/faFYFputZ
XxjHEbiRMtBBf10lRB52+87Ffmj9o733lQwztfja3DVZNxwlq6fVRZ2UH71jJRDz
WoN08w00ucHsQ2swLl7mdIfvicm0RluQU6EOwQJCQZxhXcwMnQ5oWDiTe7MrsDSe
qLKGZZHTZS7OEWcZ5g4byhAxZdS8awIDAQABAoICACJPLPbZo8wWaY/p0qDHJg+A
cuF46w0p6GqeX7PBxMBCYbOTtE/3yz/Rsi9XT5aooCSH38HmwrcLpwl8MpkEc3ue
DSYKsK685k+4d2gCuuNGea9xgyGpcKNr9E+R0BYJaWJSextqslNkhhBea5bfwztz
4fdOjmftZLT9Vba6CAFaVwRRM1fo0Wzz8e+W/hHaU9XmLXJ5P3E7eAWoBcYxRzjH
rN1/E2lg1fdInw48fsfFZcDi1R1qFthkNtZPQr5h854x0w3Ffcyd4EPZEQl8Qs7G
MS0wRNrU5yKi0FqhBMdwg3NXO1cCwys6AUeC6lBt5RL3tMWGNkNUyNmm/AIcDm0I
KOeSpOriAaYGj0JzKYW3QfyeV4FfstOk7VQqJuiFrWFBP7A9wns1DjfS2ujTC5uw
62HeaF4Ujz2JgL9sMyCo3fmW8sqcEyDnCvytSwhkWg/GjBQYT4OjiCC6WHEVLNsb
NIZ+5hDe5Q3NLy9I5jPfKtBigxKanwf0TzpP0+F5zJW1CQzmbTCLBn7Q8vvJEfnE
yRUAxpfSlrfMUdN5hEDHhAMApB5CM3/0t7z1c8ZUCxV4o1UYb629jkOslE/nqUpk
e3otbmAgno/qUKakbLJkDLrbb1uOT5h8PrxrKczuF/sGt5b7Wsxng69wiS40Lrpt
kzLbWUv9nb15IUYF1s+BAoIBAQDpz1wh8SDI0KGM337DgldWn60mnKxltCiuwMF2
2TMON0SWe4PasLjhU0GVadqoqNoqHc58UAnk6waFNNUjNIyh1aI0dNHX0CdNCW/+
AXkkCQopAdvSA7m48lHge/3pO1vgYV2O4Lt7WBovxe+Pf2Ib6JYCRNI2NL3qNqYI
hT3HC+CvCo8fUdG51gFs02xBK+JM07z4ECTwEgHn5hmxPjk4iEhmis4Lq/RcEeTh
k6Rg+P4zy6/PkTy43B7e17w8u9DT6Uzi3N0ujjgsUJf59jKM2AIL3mhmxwu/+7C1
9R96s50nxv9vg0TFuY2M0m7OJj1qcL0sAEkQrgnzQ9hIDPjhAoIBAQC7DEw6O8MR
zTUV6hdNqmIzt61lw2fP05qFbE7qmY5H7bhIFSNqUWNUzV9goB6eX15QwQzy07lo
bpdbksGJCU0Kt4WJG9nAgWtoiDF24VLqESGCMA5OWzSmDMIWqWHxHsiwgOj1c6pA
xhUTUvmUB24KkQHBe3E/Ai+ptQHKX7d1MWABxlEI1HQvO1oOydVZIbE3ss563FXs
ho51jgnVzuFJd9fHybu+kmlRCWXXGCqgWhY1oYtkgIU8jc8ZNysKFcF02DiCHaPQ
WAq64chZurYvoYeqBGkDij3wd/LxZRp+VcrxOCr/5icORFDwc3gnQPqHmyoXsjdu
/v5LXdmeraLLAoIBAQCc3+htTaA1nOYH4xzmiNmY4WIH+i8hvhNdzS8BUxISg7qd
TRpW7SPe60GhwnhXmZNnlsAoYHuDAL5LOfuXt3Z0TyaaE5eIOb1kzuQ5hTuGlhof
EYQwERfXo56UBB2FE7K9hhaD+v1P8PkA/MmTemCVYSTlOM/iVtjmAOy94shkeO+0
Al2tIfSZv6ENJ34G7C7WZWrw9cQS38Ivmg+7AIjcCXSqeI9u/VzjOY5cW/d6qRXG
IvA/UK9xSR/dXNqL1Wh0BqDzxkURK5M9CIYvzKR2I6ib1goui3ayxWj3bRRF+6WC
Pt68L1NBZxI2XirCXp3ugN4sW7SqYFuEwQyoqyuBAoIBAQCsQKH+SsTUovbNLJuz
QUJYQEFl4rK6WDMHxftS3oCByvCXKShJI5RnJw47jJlF3auckHvdL4+iFZ47jYW/
LhqN0P4fis9YEZcZV7q9sLlLpuUF4D18eU+dz0f52JjClUfaC4z9ZTwXlJMaDaKb
aNA02N8WEBj1Ho1IKtHwTX9EZGj2mWxMxmIMkQrZbZOVFor+MSMnT7utKykMJvb1
uCQOJVhIu4Wy9WAZaZ8omy++JdgoIZGdxyFr52gd34k6K1jRwsEfSi5uknWnLn/z
6hcW/BlUP+V5hhiOV9gZ57KjP1y6EbC/onK7F7y2ApBXDebpdMIpukyEYj1KqK3d
DChLAoIBAQCbfqIvuRXFYvu73YmH2fcPrwmZRPzN08kcCvrbNNi3g3HjSK1jHS93
ji54un97H3hblYNPyRPTJTEYBUSy/kdZ6VF9GX3/tHYeFebr7WnLy8BBkBEZhx8R
jqKL6fA1xix6MqbMGB0qCTdfrrISyGpdzxatzDpEYSJGqifSbPaqaUe8jTAt99W/
KrpgEOaNGk+2KyH6BRr/1WogeL1pDS0cCy8km7H7fb943eDleeqgmKzXE6MNwPkX
PDUuz8S5swGwHELger8Hhpd4tNHj4S8gH65cmNrRLTsB6cwA8lmq1DrYD316oTT5
YZ2VT6V1Ozgo6NGkYZ0kSqnPwYrRtYQu
-----END PRIVATE KEY-----
","-----BEGIN PUBLIC KEY-----
MIICIjANBgkqhkiG9w0BAQEFAAOCAg8AMIICCgKCAgEAqtWzo9ukJvFd6R1rOD6v
Gdbj6arltI2MZlxkttujdTA8LWJ0EiEgoSRBN2Iziq6jFzk6MJiTxtz94fRU5zPJ
EyEyTKEtHNsG0c1V3HyxCIurUDwciVPfutj6bZVUctyNC7TLo4f9KXvYun7QD8fe
m9DNm+HE66bGq0bjpKh9Uskelov0gdnTiHLPj4UH6cHLBdXR4J8PVfyF/jYjNWQd
6kW9lPJJN+dnDE3EdgNxZfXClSdJ9BTHD1jfBeoopLct8Y6rimCecPV5rGQlPOdN
5c0KS+ICUQYRVyJ8CnOtOuFxKChuIVbT9xNrvkNVD65DAJlCqM4+MSahj0PVsr8C
PrBy7xwx0jYejwZ5UQctSVRXqZlov4I0stJ6fvZ+mAlGxV8byc1J3EBE5ojwaQkw
kvinmIW0yoRDchdcl9HAdC8mi9kJLGjHJcEKzF5bdVXXp3+zvGNFX3kr5Ut2+afR
68X5nAvoGH+Wl95TspBbxBQ+iLx3WRSKku2lh/w/qKyVT/iP32hWBabrWV8YxxG4
kTLQQX9dJUQedvvOxX5o/aO995UMM7X42tw1WTccJaun1UWdlB+9YyUQ81qDdPMN
NLnB7ENrMC5e5nSH74nJtEZbkFOhDsECQkGcYV3MDJ0OaFg4k3uzK7A0nqiyhmWR
02UuzhFnGeYOG8oQMWXUvGsCAwEAAQ==
-----END PUBLIC KEY-----
",SHA256:YqRQ+gJLnyYO4cYNZHEZX8XEWjYJ/UwU588OraYPv3I,2,"2026-01-15 09:00:00",_NULL_,"2026-01-15 09:00:00",1,"2026-01-15 09:00:00",1,_NULL_,_NULL_,1
16,パイソフトウェア株式会社,pi-software,5500001,大阪府,大阪市西区,阿波座3-4-5,阿波座センター12F,0610000016,info@pi-software.example.com,644868dbd4875865d9cfa2cb2862256a8a79e3697075f61eddb2efe4098e8dd4,"-----BEGIN PRIVATE KEY-----
MIIJQwIBADANBgkqhkiG9w0BAQEFAASCCS0wggkpAgEAAoICAQCzZ4Vf+qDWJoZj
9d5Q/4nwJXZ7UrR34UHIRqkxxJINKIOdOieQmZ846jKzFdL+1/xPVhfDeSvidQvz
XAq71HTHrTL6QX07G+R+TXSxBzWVQvBt6TCGrZ+KLHDbn+6rGcBobB6ltyttWUlu
vEehy+kpue8bdaQAgIeppo3fQ+TtRJE+mI4zShJt7f8P0K9f+YjOddkfeOPPkA09
9JcMqABsj0Yf6jArtboQzNyReWaZZJwVik3jejFc+wf0oGV+rOt4Gg1dlDFS4nJR
j4tYNjz7QnxFegjsX/dmnZ5tJe3uwTUp4W7lAjRd5RDR8T+EOqxeBcc5lkhRfw2k
tNd5hCZO0SJui5ooW5VhZUajvpnYlc5VKD7+4EjZFdFOAdLFy2Mm/KnLFNNvLFit
TSXOW3EzIwKxzgZm0WqU66aVBzw25m9WL90F1m0rvCH1LEZ2QqrR+K1hOxUWs5rV
4gfeJjTgS3i1oIPU10/DX90mFo6QU96TFE3mkR1Gwfk5liM88hqH6axL/oM7/s7R
6idI2jcQzQA+AWgeHpvDVh93AOxxhsUcI79jj3O9fiGTuVYVqzhoHl9FKrHdPWB5
ngKcjQIHH/0JxWZPvby6D9YAuxIEO6lxd/t8ygvWyv2FAc7Lu3VMUSApBaZDv520
X7mjuWM6rm1aapRRJ6PZasIuo5xslQIDAQABAoICAAGqqbMJZYVycyzU471V5RFS
5RsNMCRYS9+mmbt0IN/iwKJCdYv4LrdSeakZ6qK3x/NxZc7I6Tmf2RNoMf3/txwE
cGT3HHONn/L1GOtCGWMrGDJf3bW1QYurkQWBTVrP5kPcvpt51vtGPpKQSOFoabXx
Bmx3YdAoDC/tHllKIgN678HTR1Lo/RXXWwIUcA9QsU7VtRrVPoHhoTXc+ABD7p5o
5apgkb+o3wh5QWf6kZOa5dZPZBzZDZdYX6u2nRVvBCWn/E13wHji0KllpNJAzWfk
0g8P11W20y9kByJAHXSVMpS9MDthaLIh8Xo50bC9SMz7ecJ/smlLaF7fgoxG8td5
nu8+4Q29rcsxdjqbsavV7AW3+1miAxffBP8QN9SQ/wozSJuTwNdtl9Ui0Hgpk3UF
3CxIjInOKSnmsnG29vJTBJvkvoTASjh4DdHoUftpULqYZKKsQumfFwWxzsCetGrs
sBI1vZTtE7ux2SJIUtcWOC/7OuHrcOq28oKvgteAnqje4A+hODFwgUH+3mynIESc
8vTPmMfa5sZ2CfRv5pnDFZ8nxFohnybKWCsKDjwEwfbhr1o3SceOxhDPEAnFqDw6
nDfzCADg8LcpIcdM4twIsYeKTUA4thhv7bPvI15Nhjy+GhuEZm6WYkep4GzY5Oby
Tc5JFtb+PHYO1uYTHL/xAoIBAQDd3ItuyQWriFq1p4RK8bRNQ5Io//GejFkRWuS9
sKm3Ygr1FZI1qYhH50NlN31lCT8HsOIjI71r0KCIU8adDd70paaoYPMg+s5Kuxlj
McXKFFJAsghWc+twJ9EMqA+WPKUoSfYtA50yu2KWRBtN/7EQOKGBhdbPiQrA3Qvm
OMtHQ0ei7bkpxGHPMOuI4zTfIGhxfLb2Vu+xtVKANV5BB3uawoUEah31YouLOe52
KhGXXYRoWC3W/Vwkg9/9gaxO+8VCAShI/TzLC4z6HC6z/2eEABIt2VJfzpwlyI0M
xr6G64VLMakygVmWS0dTYlEe0BTHbJgsrl49e1d2pvfiaZG5AoIBAQDPAobld/Gs
rCj8z8xwqoMPxHKvL8vcTnRWOxbVLBTc4JSADlvmWJGQKwcaNCAHLMPULT1RigCh
0Ael9sJUUYrEVZnvusvMg8aoJwhMCRlTLTUIZ/FJ/51957i6jl670tMGc63M3p1C
5F1Rw5huhkpAGVmbG6xjQDa8RH0CCY23G01d1EvK8FThvug4Bdaj33mF8+VHFi1e
IPHcHeU7W78uomkghXWMEpBHBH9BX/vPvrqm3LwYNafCMRTFx7fQ+lJUpn/Cplx8
JfS8MKIqC5FXoE3FR9vNRKpFj0ngcOpH3P1VC1Jo/sv266tsUAKmLFapOh29UegX
Kx32yZuGMg+9AoIBAGjqssVhKt1DTiI5ZcZLJwiiu6vH3Wss07HxWdqagKfIJYZg
/RODaH8YTja/Vv1Ash3g+A/GBv3FWyUc+P+sX5MyAu39avxdntCYShkuoGo/0eXm
SysXBm+zZJinoTda1n+G+nOvEde75ZNKAd+Q2xrgrP+jW0IpfHxYDBiDIx5AItBZ
uwaVZ+ujJr9FMuuRV9LTN3KnChLvvGQE2N3HvBwjgOPliuVQBM2CR9J5cngyMTtm
98aDad+avYIUoHd5eH8OLQ7XMriSbciZKzzTuxAhOHeWHe5QtmbnwEwacF89YXt9
sJXBtavtTX2RMOtxW2IzaIM4sjhA68ugifj4E4ECggEBAKcUwwwy4z0bN3nVvoyx
E1eGl4oOadxG9l8jEiq8iZo9KZ6x+DrTAan7EKB1seQYnXaDjRpi6F+yKHor0G19
4yLUdIqpmhRXx9+woWG9dlNMCaHfQ0EWr2cPwGnSv2OZpflvJLhWdVeoOinkVQPg
H83cqBYpH9p72bHbFYqva1J/FtLEpugFUn1iOMv+6l8Z4FvdnxDhNXzj2lJvTrW6
N3TMYU1+aoHD+e9YEd4SOoxSxRQo1Sg1JlH2i22W5SYm5IyuVjAlVkBd4kqCdmC5
NXYkTKEOfroO0d+S523ftTiLhW0+1iUogjepv5KMgZbd8pRj89z6XvlUM7scvgpy
HYECggEBAI64z7goiKLKfQxdnEkCA/QF0hQyNmM6uEz+26VtTzDBDPlRC3KvY17o
LqVKcm94mDdI8WU5WNq1fILIbiMQzpBIAYMy7oOmU3oIEZElZ738786TeCdwR7ed
PUykBhM+5sG8EPyO4PdtewqY4srEZADABs84fewTFzpodMiyUfmncW5Y/dHJ3Ju9
dgQsA4WR32W4ChlASzt/iIjsja2gQbO56EiuAgZTbX9OBOBh8svCQdtGnAYwNPIr
ndqyDdC1R56iIZC6Bqz0CN+DTCb17CMw+JrYAVyFpbgo8LPk21Ztw78n6qHS8nVH
ZMQfde2zexQ8IcFzzJ94x4LaZrz4RbI=
-----END PRIVATE KEY-----
","-----BEGIN PUBLIC KEY-----
MIICIjANBgkqhkiG9w0BAQEFAAOCAg8AMIICCgKCAgEAs2eFX/qg1iaGY/XeUP+J
8CV2e1K0d+FByEapMcSSDSiDnTonkJmfOOoysxXS/tf8T1YXw3kr4nUL81wKu9R0
x60y+kF9Oxvkfk10sQc1lULwbekwhq2fiixw25/uqxnAaGwepbcrbVlJbrxHocvp
KbnvG3WkAICHqaaN30Pk7USRPpiOM0oSbe3/D9CvX/mIznXZH3jjz5ANPfSXDKgA
bI9GH+owK7W6EMzckXlmmWScFYpN43oxXPsH9KBlfqzreBoNXZQxUuJyUY+LWDY8
+0J8RXoI7F/3Zp2ebSXt7sE1KeFu5QI0XeUQ0fE/hDqsXgXHOZZIUX8NpLTXeYQm
TtEibouaKFuVYWVGo76Z2JXOVSg+/uBI2RXRTgHSxctjJvypyxTTbyxYrU0lzltx
MyMCsc4GZtFqlOumlQc8NuZvVi/dBdZtK7wh9SxGdkKq0fitYTsVFrOa1eIH3iY0
4Et4taCD1NdPw1/dJhaOkFPekxRN5pEdRsH5OZYjPPIah+msS/6DO/7O0eonSNo3
EM0APgFoHh6bw1YfdwDscYbFHCO/Y49zvX4hk7lWFas4aB5fRSqx3T1geZ4CnI0C
Bx/9CcVmT728ug/WALsSBDupcXf7fMoL1sr9hQHOy7t1TFEgKQWmQ7+dtF+5o7lj
Oq5tWmqUUSej2WrCLqOcbJUCAwEAAQ==
-----END PUBLIC KEY-----
",SHA256:OC+QU27Q+4fxqfoYOeqaetKGv3E6bApFqdsweIBowvo,1,_NULL_,_NULL_,"2026-01-16 09:00:00",1,"2026-01-16 09:00:00",1,_NULL_,_NULL_,1
17,ローエンタープライズ,rho-enterprise,8120001,福岡県,福岡市博多区,博多駅前5-6-7,_NULL_,0921000017,info@rho-enterprise.example.com,8c7ef85925c3ce38ebfcba7a58a156b9d0c16c50c749968348e05bcc31b2b210,"-----BEGIN PRIVATE KEY-----
MIIJQwIBADANBgkqhkiG9w0BAQEFAASCCS0wggkpAgEAAoICAQCqZob8wT1CFslc
dgiRN6KdHSgLmMoPBJkHZJxwNvGc5bTZn9R886WC8u9Ks1Tej/OUFVbp6lAtf/77
UqCgkGYpkexMwLPGWNj8mDRGKxmsxlm7uE8gAYZIkqScjDFogIGk6pXkR0je3o1B
NknJ+mUGhApObHElvqrVzUKw87IwtZ0f9Lm9B9l94nTYGSu1LnPF1LE4AZnjxm4N
PuUdoZwCXywytvb0pPPWU1NPMsY2wpoK6F8Tf/KIlFXUJ5vC1bQkCNisSw3Ch1Z0
QDltAO44ctU0BJCUHm9nskecDkiHhJz0IaKU06GdgMDlOx48uq4/tMJRtBF+gnNe
19TAihFZuP+V+W7KxMfsCObpLCmSw0PLMG2VRBnVOCTXyVVCZYOIpV8trAeTtFlL
X3SWV6em4CHL3ZQpev+CA+Y+Vtinrk9g8pVfSgrCpwdYosNjf3dWG/EnOvs1F9tv
k5EC8o5vwjtTt2n3ktgdNPQ1CfnJRvC2tYnT/rF6Ui0RnUEsU1DO6NPnNqBJDrbi
AKtZkm2zQU6+Ah+xqDsMwjJQUKdw2BStj1NROK4Qgkcgxb7h5xa9K7CXYRobWqAO
fchoTAmGWvvMZPVn5ETC11l+SSW3y/MeESyM3UgLh/1fk15LFOfbDl0C2SG4BM+x
v+xSUHSqlVbIk38mPo0q3Jz/DxQBhQIDAQABAoICAAS68RuTOCKBB8Nl7Wm76kBu
LPAhebro4nyfjVG9sg2sOTFi6/RNk9nOPrv2Lz7HEo38h6n1489XicTH783nB9U2
zxLbfCWmXIc4xVB+5Xcswb9FWbK7zzY0pF2DCaqHXydJAAgaL5jW5xHuh5e+m91x
8JKi3B+sR0JTlFAWbYeAhAjvAZxJd+Kl/4J43xJZ5Jj2r9K6Wt9v/W/8zgjc7jvs
nvsWF7ewThxQnbsJmLywFe0ulvShO1uDI/lAGqxubid40PNtPNXvwmdahGSxhk71
Lf8uueyBzVZ1pFQIhiN3Jlh4zzlqwP8plY2umX/k2oo7op5qWBVQBPbd/NY5dEt4
CHEugkEbARCuLGCKrcoJGYVMViGCaGdcRkvFtjYrhhYhLjlkFnDsxHzAzdO2nhYD
XsGc3U5GHwZc2Uw/rsQ4P7wfj9ZuMzLG6EaeIkeSmQMNs0ZcdNPG5G2mb9fP192k
+I9C8X2qdMzF7xNUqZcCC+OhtlD3eWXSSGo+AEdn0bm7H3j18VC32HNjEon7OAE2
jbCFq1OiwXcYO2yc6v5XzgErXU4Ya5rSIiFjFOCdgdHs92d7oGXS99L2VyiPUX1o
E5BYz9DNw4iJvrzk1UIUd4FYf2q/4zZPlBvb2WCVNT2cT/PvzaFZlinJmmbiRCIM
U/VoFCryljIjIsAVqrNDAoIBAQDrkRWI06jL8dZbsI3Am2TFWqeSVBzLs57sJcZO
rI0+bzKdkTHMY1I656kDbiYlj/G8dbYESEi1OfZB9Of5uS64ykYqKt9e69Fi0Ldd
eze0BqSpv9Lg6toADLJEjrU3NuakTG18Y071xCuanoeZXd/C66eOvEWQz9eygqv0
eDAAX1H+GBQBFR28igp5bun1fg7iJFFRpWX4zBzjTaKvaOSEjv+IOarP3N2nl+uy
ILIA/RKPQgsRTB0INYR5owNMcO5GJQmsY2PG5Wl/dG9KZOf96lZO0+UHs7sKDJJQ
rB2zNpevErTMzl06g09REqc3hiOvmI+KofUXReFqMC5ZseynAoIBAQC5LmIxaRGk
2imz6WMMyrg0lhWq9CHkzR+F1u00bcO8/7MfdyEMg6mtB0IpwU46hFBAsyWfiVXf
nQew0r/VIJyo0igF5/7IlKNnoooSuZL2yMJzV7JvLQlmgELnx50lqpUvynvjeTV6
F2/qpEzQMHO/ypEkewx0GYkm/BYowzi9Ujj7Cy03XYgLmS7uvhTyyDpbrVtyu5tr
jCoNVZ28USf8UtyfdZDvLglnUAi6thS7zQ52gHMSjj2jooe12DPsYab45T3bP9p5
rltwNx10kqtd9VNRIqARV39fKqUBmwAHLsR+kSa0po7tC5xWwuXUhLI4QYQh1p0f
1OaeRg5qfYnzAoIBAQCtehfYvr7VClDpDxklGYrZh8xWB5l5LdtAXwUuVQZjTzKA
NTfuI8qf1JB0FT8EdH/6YNldR/o7c+b1Za0cC5LrxRJs5UvANHvrgHc44ZABBM9o
rvpWZr2KQc9ai5nKgqTRo/MRInU4qnHOGScU+7vYaQDpLZ8xaM6ZCIAntgbrj0br
j8HTlkBi42mZSeQDxQSi50n3jY2N7orrnfXLpbx8Hm7yXD19fFLDpC6P7GIKNlTf
qSxLXbkXnYnkpfa86YGfqJD6IeuNws6xbQa0S6FJLbTHsmY9CNAaM23g+Q+aNf74
kBcTqHmhqKfVtZ3tVtya6Qf0eRbsP6skLz1DErOLAoIBAQCWR4cWdB8Geqm3QKLK
YcVln5sL9j1/UdvQIOC1WJKt0ZDK60Gdx0eujKJsAlz67h+2sevJcYmIBAaWwCE/
08xu0MX8LQ6+Nqn5U5XbplAXCEuNkVDUGmdzkIk7Ueo9BBc4BonNy7LTVyvS7u0L
UxbMQZbSVS2BFqwQQCm3gN6N/akSSjqyoKvkRbcptoaHlGiPt7rr/EYf3ErQMXfl
uLLLeW9j1OP+xoyJFBFRfKyMz9d54boBCAALyL17nG5e2czIVjmBsWsarp20DnZQ
ASsjABFSWdgu2qQaViA8kk5OheyejissFbMNugtw+Y/MjLeZIcoaL/GpQHy7Wz0d
vK1zAoIBAHAlBNP08ccUmY2GM2ZPRcxCgiZrt0OpzdBXd2TEjf+vX+kn7EVfB8jm
vyX/bieEdpfC/g+4jAQas9yaQkhA+FqGCgKsfsaIhDRwt1cfx8T/uhPTI9J8Av1H
tBTDTRxBka+ACxPQ9KWrNlKiTaQVGbJOktskCIUH+5uZlMlQnMAhNxLgeLU7sS8a
9xdU70jUSap+W43wUDmBidCcNVoK/tmFTGHVp8lzyOHzZvTAtfRepCxN9b8/b/iM
pGynhbDR5RXtegqPZtNrcAN5ocMRnHpcitHL5sjbr80XTiD98zfwu/cO1kBgH1OB
FARbECkZ4nVaUZf4iUyaIzZrp7k+azc=
-----END PRIVATE KEY-----
","-----BEGIN PUBLIC KEY-----
MIICIjANBgkqhkiG9w0BAQEFAAOCAg8AMIICCgKCAgEAqmaG/ME9QhbJXHYIkTei
nR0oC5jKDwSZB2SccDbxnOW02Z/UfPOlgvLvSrNU3o/zlBVW6epQLX/++1KgoJBm
KZHsTMCzxljY/Jg0RisZrMZZu7hPIAGGSJKknIwxaICBpOqV5EdI3t6NQTZJyfpl
BoQKTmxxJb6q1c1CsPOyMLWdH/S5vQfZfeJ02BkrtS5zxdSxOAGZ48ZuDT7lHaGc
Al8sMrb29KTz1lNTTzLGNsKaCuhfE3/yiJRV1CebwtW0JAjYrEsNwodWdEA5bQDu
OHLVNASQlB5vZ7JHnA5Ih4Sc9CGilNOhnYDA5TsePLquP7TCUbQRfoJzXtfUwIoR
Wbj/lfluysTH7Ajm6SwpksNDyzBtlUQZ1Tgk18lVQmWDiKVfLawHk7RZS190llen
puAhy92UKXr/ggPmPlbYp65PYPKVX0oKwqcHWKLDY393VhvxJzr7NRfbb5ORAvKO
b8I7U7dp95LYHTT0NQn5yUbwtrWJ0/6xelItEZ1BLFNQzujT5zagSQ624gCrWZJt
s0FOvgIfsag7DMIyUFCncNgUrY9TUTiuEIJHIMW+4ecWvSuwl2EaG1qgDn3IaEwJ
hlr7zGT1Z+REwtdZfkklt8vzHhEsjN1IC4f9X5NeSxTn2w5dAtkhuATPsb/sUlB0
qpVWyJN/Jj6NKtyc/w8UAYUCAwEAAQ==
-----END PUBLIC KEY-----
",SHA256:y4jnhdYmRTJZmJZ2LBRL5b+UnEJ6RTVbxnqWWGju6gc,1,_NULL_,_NULL_,"2026-01-17 09:00:00",1,"2026-01-17 09:00:00",1,_NULL_,_NULL_,1
18,シグマリサーチ株式会社,sigma-research,1600002,東京都,新宿区,四谷8-9-10,四谷タワー7F,0310000018,info@sigma-research.example.com,7469dbe376637e90a2b26322cc8f1f570cfc0952f26f1e60820b0d0c9134dbd8,"-----BEGIN PRIVATE KEY-----
MIIJQQIBADANBgkqhkiG9w0BAQEFAASCCSswggknAgEAAoICAQCysy6qk66yjhRr
UoHbf0TMDsiOymy+zXDrz7nDEAOsEerjOlDgCSTJdXdpSnjdx666HR0uHBTDQcdj
dH/Yx4ihUbA6XBm9LaeXDRdApQg3+9xBd95F3kFvXut0qYqssZZM9CyFhXv4/p8j
yVimAiS4qkuBg3u8WoklCWQADQSEQRKLLwUoaEsWiTwUCOWHZZEr3ypzPpPC4T0+
oEdb13BaEg9R6bt+bqJ8ioR1K4AwTJl3dfcICNBGR94WKGw+ZJJoZ5lTpSfB1G5/
OsstIsjW1KAVFwytoSVcRvtjoVxIPjIPjWefAY3D3s46H+kT8Krs/cQErIJZ3kW6
qxrFiLja0XbBZvcTdGHXidV3bSI77fH4NYgpKyw+nzSo/+1NYe3kzb3Lfd25r08x
Eyvj6jIp9s0qSzSzHHzmwOZzcxFMTgJvejTwH7VgePcEJGTJjoOJO713rsvt65H+
n26tiUvd2S+7hX9Vu8FEOUdFUwO8Jds7HiSve3mvgfGlRONCjYagS5hKa67Rn2Xl
DFU0FqKc6I2p/HXpLUkbajxKAvt/otyzB9LqCMxyzVvVi7NRi1qpXiZk8Lq7yXuB
F/4I+DyQ2uv9wmdJ6uUXKqxfOjoGSZU8PfiXi9lhHQXB2nfC4bAZQUd3cEhkkw8K
pDcp7nJE8oDQWbL5Vl2Uh0niUR+SEwIDAQABAoICAA/YSXQAgkX8yRy3BSKkR0Jc
sTXQBxJn/vI5yfvcyKaSNCSPwCoNRYDDdKIWY18u3HROLo8vGDwz8e0EoG1lS90Z
9ClIj1Ox36FKHNyzhWYJY/8+FKxXR7ALV49RlSU43d3W7LeuHU73rL6slLqrh/wD
xYwnT2plELIDAiXrAZKEfpNuyONLVBUceAJCw69ctyGPuSDc1Jc8B4UtCwa+tIyX
+1nFAsX0I14tng8Rm10s/ZKVGCFTPrxslOmcDfT+T+kH/pVnGH5cSqvnV6qZ4fsC
gWs9Tvd6SWjENnggD6GsOh4c6Ko1pg9PCzQmLjGBbnZzDdVoQmqbhc1GbKpFNDa0
2fpDKW0benYsBEW//0xRJulhgIG6FZ99ba8ak1v7rk5ilbkbOvVkH+7r3hAv85dT
87D4J1cM+Onv/gHLQ18DiMEVkdFP+rRVPW9AqJxkFCZFqiuZkbk+VGVErsDy8CL8
I8MdthkduPPeo5Z5LnGcHWKJfBh6Bh8Y2NNn9Y6OQ+qGkh/FdBNp8YbIrtx9M2m2
G/wwEK+rG8wSWjR5/Qe9ekEX7yP58sDPvyBjYiUwcnUFl/GogVbPx19pwtdUvaWQ
ZlCXyQyYye65bhru9KchdFbahwm7jvDdDVLX21OGXmXln0jikdssP9pxQg1F0cf5
tHg676YZuZtgeKvxFdGZAoIBAQDaJ7ltWNSCBVV3s6FEFnffAitAsElATDX33Qy2
GT7Cfcqz84th7LTY5FwqM6NvQAs8WYuWO7MNsAysL7BjSOYAHvKItrNzWiOgLK8T
mWBZCtuNj/fzxAkOnSEXYQlbz0D5DP4QwB+bxwup8D/PzaZMMPqebBAEUVjsSn3u
D1RR9GXeuxFIKaGwqf+RcmiQu1ej56Ohoy9frI7uO2y3s400h4ndwphQxOneiYzl
Et5fbtzPKosVWOcIVrK9VSvJ5cY6tylpFlRIe3WCAsH7/T6X+LA3ol4lDOXEifEU
pS1L6JSIiN8+oRtp6wN3vGoSAHH7OwJ4cGbm+wK1lZYYhX8dAoIBAQDRsz/2SKLp
CnM/Wz/sSvhUwLoggY/jgKzBBK085mc24lUBmXOnopMhKc4tsfuUHE/TNZhIJQus
pgs/7wdgyqJaw0HO3uXDTtg6pTeAQhdemClv9BWddMK393t2hMfUzTEP8iMGSwwx
a4Cx5wfE/PS9pY2wG+xVyDTL193drhCw6Un0ep1K/+23zQBjVRvJk0NDQI3zsoil
xA6/IUvGIFqkKtfrc8D/DpgcEWhkQeJLb4BBDZgFGg1yf6NDV/ng+wNHFvYAhLTh
sgjGL75p009gZgnDBshgNHnCjvCScp34Bibt0nDQ1VV9xJ6r/sHOH+RYkbZ4G4nI
sjcm2/j4Ep7vAoIBAHUePn5l4jCrjGbnGPzk0xX2pCHmgmzyfUbEdb6NbxQbVGen
qHy6B50pfBFsB6ICUAXmTPoqssX2bddDAv9Kc7A87RhYfZ7AFcA4PQXYodEr8xLc
59EGvZYK5WkXv156tfb+8qcrfcyz358sTBXT4iOlZ+cFPNQUmBjDJThZInudKdOZ
un1zXErr+Tiso1aQPUzRXxe39Ab5LQLZBFTbIEPDQFC91+gEz0mZrvqMVrYFXqYZ
wPGE+QORCAR9ZTTPFs0O6DxysGz5WuyhbmNKYgBUksZLdR+O/Qu2wqbCxr6p7pQe
ZzvIYl9KvGHb1VY0xvyJgZoHPjdjKuExnZMsmEECggEAMKbazyQZD+JJzMg583ON
W/R++m202X6QFhQksT1vcu9d84oLqDfy1L3jRPzHNpy+9Gy50PsvUzYO5B1r48v/
kPk+OmXCfua7Chgs4Uf0LhE1g/DoVuixCIeVkHDMABY/LMjr0Vj2Ej0z1ZKZXd2m
Vp2jWtmPonNZtHV31ye8XZ8ydlNATRdFquAYF/O2B7Vv5JmElaa1R2hOV4+9CdGV
1gLOp6TqgQJ8zf5H7wLOItxSsEUcIQrjVc5BLa2qnsT+BK9SEdq4MKjimkCXd+v7
vYzO9P2M3a0vFrGdJQ0Mk2+x9nldjUYBmLVWbucjRdRmYRolcIZLGFIos45TnBKN
5wKCAQBJRg5SEG10Eg7VBVfRz3yWgnDikHG5aUINpF9VpNqt2bdfywGKOxoPyBGg
YBwUAC113KtB7c6+4fUH/otxsKGvQ9gh77Qwmeh7l+B20Kx9fRc9xUChkkGbwvQq
ka4VvXPzZVqMf8QC0RHBiRkz0KyOd+rqRdjmpubqcyVZ2iW9HtgZqbWBnlGrsCeb
R52ERanS2q1A2fTqt2fzdcLXbexbF6zJ2IPGDRQwIScsfaXGE12AjCk/rcpW7Ocx
hQfuX0yIjjrH6Zt3RqLVPB79hltqrVLAPXerBfLfM6EB5tYMZ1jljdPSN+HxxwmT
GjYBbylRSDG+lCmDGsDKsHhxQYk6
-----END PRIVATE KEY-----
","-----BEGIN PUBLIC KEY-----
MIICIjANBgkqhkiG9w0BAQEFAAOCAg8AMIICCgKCAgEAsrMuqpOuso4Ua1KB239E
zA7Ijspsvs1w68+5wxADrBHq4zpQ4AkkyXV3aUp43ceuuh0dLhwUw0HHY3R/2MeI
oVGwOlwZvS2nlw0XQKUIN/vcQXfeRd5Bb17rdKmKrLGWTPQshYV7+P6fI8lYpgIk
uKpLgYN7vFqJJQlkAA0EhEESiy8FKGhLFok8FAjlh2WRK98qcz6TwuE9PqBHW9dw
WhIPUem7fm6ifIqEdSuAMEyZd3X3CAjQRkfeFihsPmSSaGeZU6UnwdRufzrLLSLI
1tSgFRcMraElXEb7Y6FcSD4yD41nnwGNw97OOh/pE/Cq7P3EBKyCWd5FuqsaxYi4
2tF2wWb3E3Rh14nVd20iO+3x+DWIKSssPp80qP/tTWHt5M29y33dua9PMRMr4+oy
KfbNKks0sxx85sDmc3MRTE4Cb3o08B+1YHj3BCRkyY6DiTu9d67L7euR/p9urYlL
3dkvu4V/VbvBRDlHRVMDvCXbOx4kr3t5r4HxpUTjQo2GoEuYSmuu0Z9l5QxVNBai
nOiNqfx16S1JG2o8SgL7f6LcswfS6gjMcs1b1YuzUYtaqV4mZPC6u8l7gRf+CPg8
kNrr/cJnSerlFyqsXzo6BkmVPD34l4vZYR0Fwdp3wuGwGUFHd3BIZJMPCqQ3Ke5y
RPKA0Fmy+VZdlIdJ4lEfkhMCAwEAAQ==
-----END PUBLIC KEY-----
",SHA256:7bEpkKK1CztEBtixyDeplxGOaITg0E+65ERfnA+jgqs,1,_NULL_,_NULL_,"2026-01-18 09:00:00",1,"2026-01-18 09:00:00",1,_NULL_,_NULL_,1
19,タウメディア合同会社,tau-media,1350001,東京都,江東区,豊洲2-3-4,豊洲フロント9F,0310000019,info@tau-media.example.com,584bce305d6b9644b277e9300549b9dbd91fed52bfa7c5383c2bee2c14661cfa,"-----BEGIN PRIVATE KEY-----
MIIJQAIBADANBgkqhkiG9w0BAQEFAASCCSowggkmAgEAAoICAQDI4bRB+1Rp/9wL
hlLUEHxyl1YXpliN2RH2lfrq7JWGcUPMvmIxMMWkVfsjJW7LvszfzaiA4AI7c76W
0apSuGDhL6WT6MqrhmL7jmr2eQHUi9ylz4liTnipzqc+wnykfG85jeMHUEvl+Du6
HCLw51eiE1a0IlRylLZAmTRoaoKGqyGhy/hMYBJhDisUWMOAHtpZqwwuQjtWnkTw
SIsecfFQBJv6TSsisd5YHlgufB6gL1+STMzBEavXy6veXAmFT6dPBTg3bHZ/NVkA
BS8I4qWRF3TLIQlvT7Qi1Pdcdu1HFHSHat8F16sShnl+BBvfGeR01DbdJMF91svG
OU2NuAJoFXRwPNz/iBBUaIlZ2xv+83VLskvJEgTZ9UWjwrUV2RR/KKCdyYCFlLuU
oqi61HJFb5wYaAit+nBSQxiQUOqB/hLqdTaEDEHS9sfk+GwciW7MnSXFsEUnLLDT
dsmMF8sPf+g43j5KvzCVWsad/y6IUFFcQxzNueGHSDspenjQMxyij3dpeVXXNhlZ
VA/ijS57qlIZDDj0GL2mR57MKOiXaUOfG0IPIVzbnvVQDmel4OUTklsVOWX/0wzJ
aSdrLuQOcj28QvMNpNHQ3nCo2bkIjHaXxDE7JELr3sHydWZ5YsUNmObRnuOA2KEZ
mhWSCHL8dVIkTovpGlEcll0bTjlK8QIDAQABAoIB/3OzjF90ox1qgRMiPhLNOOCU
Y467mpJ/ThlfYszTKrK4Ci6jRjf1Uq3H2B5ZZFEPh6RgKYdES55ymOCSL2GPUQpi
pyIwf75lNbdhdob/3rRm2jxzWaEfRK1WM0rl08sc4MAFn5dWzsbMpmblGqFZ0UYV
kJrjXkBtgL7N5aGk6m+M1Pib9fRt+vTSQRdqO/0cLo33A80HcnLLAtBi+CSEL4Yn
IXyWQrVF1wrQb3nwUE0Mlb9uL+c3UzYeP5/GfLVY0fgLL/xV1h27j5RNAaPcgM0d
wk3WrKVJz9DZv2x1rOgdbM2SgJVpr6u74iSMhhq6KLVU7BGNJuUtrBdAA6tDKoUO
e2W842hFhk23Abb0bg6hdSEMLm2+3Ln+uz9kjOrH6f7pwH3Ekhcyqm+KWoaIj0Qz
tJ6rZrn0Bz5hQJhYJEsyL+Tw+sOInniyv1ZXMLPfABL4OwjlnhbhaCI7qHPLCvoS
UgmKAbc+k6Mjm6l3Qrp7wtLj8g4K0gxXcrdo+Q+Rpdr//vJ86AhmzjYQmiYRpGG4
T0YGxduibOm4ivkA3ONVFtitoZuvIPu2AxS3Q92IzqRsU5wGqM8gEIxIy3i1tVgw
HHncHPHK+xQqoOLpwBYNasWa4qtoi0gFyy+fVlLJBIX72QHh71bDZpGcIbUJWZHD
sI773TxcERThg8dRNVECggEBAP5euTf1FxeYDrifbC8YOmFL+WCSBmzjRvZE33tT
m1JACd2mOHuNYo8G+BRVa7cXU87w84tDKZr7IgLfCgOhKMSmPYzZ+NBPx21K5s/0
4sKuay4dkRcFvGrjF9Y7glMR4kaCtUJ/vDxz7j8w9Aaw9CnDkR+Ak8xE+s+uvnO3
VqLMSIf/dTTaQG3WzwCRf8y1PFPRAog8GfPsg932lltRhi2Tb/qeLnzt5i3BHHu3
BMD1dypxIKFSwdsUm+sa/NO8YrHunMtnS5/QFbE3IBJtajx+fD07EkNOfzVyJpwh
FEvWqtWkoZSYWIkII+vP7c2+czU995Vb2JOJ5VDuS/DalckCggEBAMorPJV3wlAf
E1srl3NWeeWPN+uet5LUiULJe2dqqch9hBcSAAz+7Zo5i3GcM3Hu3ebb5JSCge80
m56X17wT5RhL9xSBhAGNgt6dfA1VYcaSo/tOr9HX4KWvJsRr3F2EA8qLyBWMSSXz
dgh+qF3YIWY0BTY9nNMtcxoFEZlO2cMrPeggzX3xsz3oECaA4TI1nz2xGssXLq7f
SerRoRsMiPOApkk3/1iVu3itfODTNkN9ED5MsAKk2Mae5coxUJKS9aHUQ4sCl48/
74b5B7VDHMnX8iruZBfhmtCXvvkW9ZZ4IwrW6DJTdC9oz9BM52NR0u0pDkyjDXJf
qv3oljBWv+kCggEAacEaAmC8dAu8+xcU1FOfWfpLONIdJ8IqK5Mg0tZEuiJzt5o2
229BrbM5CsMk4F8rcdsNdjW7I3sLfeQa9r1XBMMUze2Fm52/jPnaElV+vW/kkayr
OMYiutGlhGUDXuQNjkEjeP1AVmXghJcmrW1+ZaqwOEetqvx2xkehWNy9gTurYBde
NFYU+VWYhGT5nDMxXKuGAPvz0kzf2jV994NiZKpqoOiI7Vm/HACwheLmcA7dt2CH
L2sHu7zKwilbOfCVm+JXf913PH83tZD0nZSt2W7A2ngntKH7E05dLQY3uPwL1Hz4
zJ22GWqv/IdbF/H5VgZoW8lutpBbLZWVLxLBuQKCAQBHu+u1RVcnQr+FfAQzIp4B
/D1lV13ftZY2onMtEMXJo++4l+R4uAPq0zxNRZVjedQ21BNZNq2QCOSm803TKGQD
qQC0v/fs7R9gihS4TnFxGhshUpxEIwtM/scMrxD0BaGqvspyCuLxml9pSDfJhKTl
NNQcmOQKcngC5YWHFlliTPecY/dGFvr4nl0MrHI7dJdaNntBUKp51jTOIy+8/0eg
zycxl7L85bQtb7F9vLPmYnve/yr85S0d3MfAZJsoRwjtMPn+Wx8X7yG4jKhVgsi2
Pe9pmEjfyGc8WHukuqbNizcz42lkYgQ5xkDmskLwFNp42DaAruJYkOWFTn/sCvvx
AoIBAC3QPyCKIpXYo2+XeRKuJSI3lH3nDXZKx0rqNfVsav5PXHT03fkgGPJXS1fc
FGHrvaRZTS0FR3fGCeTacIyzKiL7k6giIiozLmsU1i7KdXaqxBPnQF8cUwdEHsDC
ZSjtSJpjEI8h6TpnOXCkoHMAXerI61h0ldNuJ/3EqDSzeORHSr/Ev3aJ0F0qckQ4
YURIRwy2smyrdUzf2WLalAFaoZZLAvN41c3764AkP0i8GO45Paz/gwAHOASO5XDN
pgSVs/8eJY7Ft1lu4/UcK1UKH6xGJ6wP1C9WwGEr6Ovh68nXL0KwLu3/DHpz4trx
A6ds+l457uATDXmBNfhZtQGSy6g=
-----END PRIVATE KEY-----
","-----BEGIN PUBLIC KEY-----
MIICIjANBgkqhkiG9w0BAQEFAAOCAg8AMIICCgKCAgEAyOG0QftUaf/cC4ZS1BB8
cpdWF6ZYjdkR9pX66uyVhnFDzL5iMTDFpFX7IyVuy77M382ogOACO3O+ltGqUrhg
4S+lk+jKq4Zi+45q9nkB1Ivcpc+JYk54qc6nPsJ8pHxvOY3jB1BL5fg7uhwi8OdX
ohNWtCJUcpS2QJk0aGqChqshocv4TGASYQ4rFFjDgB7aWasMLkI7Vp5E8EiLHnHx
UASb+k0rIrHeWB5YLnweoC9fkkzMwRGr18ur3lwJhU+nTwU4N2x2fzVZAAUvCOKl
kRd0yyEJb0+0ItT3XHbtRxR0h2rfBderEoZ5fgQb3xnkdNQ23STBfdbLxjlNjbgC
aBV0cDzc/4gQVGiJWdsb/vN1S7JLyRIE2fVFo8K1FdkUfyigncmAhZS7lKKoutRy
RW+cGGgIrfpwUkMYkFDqgf4S6nU2hAxB0vbH5PhsHIluzJ0lxbBFJyyw03bJjBfL
D3/oON4+Sr8wlVrGnf8uiFBRXEMczbnhh0g7KXp40DMcoo93aXlV1zYZWVQP4o0u
e6pSGQw49Bi9pkeezCjol2lDnxtCDyFc2571UA5npeDlE5JbFTll/9MMyWknay7k
DnI9vELzDaTR0N5wqNm5CIx2l8QxOyRC697B8nVmeWLFDZjm0Z7jgNihGZoVkghy
/HVSJE6L6RpRHJZdG045SvECAwEAAQ==
-----END PUBLIC KEY-----
",SHA256:wLNkHc8W0ogf4oaR6EI2iFiaMfX3wkHX7epiqUX5zUk,1,_NULL_,_NULL_,"2026-01-19 09:00:00",1,"2026-01-19 09:00:00",1,_NULL_,_NULL_,1
20,ウプシロンコープ株式会社,upsilon-corp,1040001,東京都,中央区,銀座10-11-12,_NULL_,0310000020,info@upsilon-corp.example.com,93d000cc97fa248ebb7bf25d0e2365b2ecc29fbae61231100505a688c72ad094,"-----BEGIN PRIVATE KEY-----
MIIJQgIBADANBgkqhkiG9w0BAQEFAASCCSwwggkoAgEAAoICAQDG9KNggG3gCQtt
/Rr6knLok9yaSkY8kgLWMwJvnVY4XD4FNThINQ9I3ywUS33qxxIHDthBjm60IG/s
fKQvuK4N1EzfkjqcTjVUFz6mebKjJJeocvlD+empF3VW0bHrrY2/apu2xrRqPcVw
2TNNpgGpMUxfNeb2iM2VX1Xw+aLiRYyvZ7YZiL9UmGIVMbaNPYo+zx30TvKhasqs
xvOZV9hyoFwRwW3hM5IfiLW4cnnVmOlNcsp5WDaz+ZpjjgC3uof0pO5WA25A0Qym
KSrZr7sIUk0xc0vbdu6x/lPTF2trESsLb1dEVJqEjhdVT9XKgnWEN76M5oMCFR30
PKmz6WRsH9rLaC3S/pnb/RnwSZ7pLqnByRt/sHMVR5OH3Wj7yX6vdSj7Tgnz0vHl
lus6jwj3Kwy7sc566Xl6OQd3EOLG4gFfK81LoDvp0EJNCXa/AV1FuCOd7von5OpD
SGJecpEuBpUtecUMvX9U8YG5uf7Dbbp/W3v5pvYjxKy0C+e7WG6TgQ5unhQAWDxJ
Gz45jcvmESejn+Z0RmzWO4gxdHQDboxsUwRmfu8fqWVd3GAeodtcgYilhk5tIHGv
1Ce07DLjceqtbAOhGNUYOiopT0I9JJtd8/EsSeLLz8VU9C09NWKPaLqmV8M4s7FR
UInZrXQbcnTSvwCke95nlDvSzbfdawIDAQABAoICAADPCPfHdER8Ebo5h5AlMEDJ
xeFkRxmcuyFrxULDsCoI4sFBEIcanOlK677y+TWotLLapWTLoDks0i4MttrxNHC4
Wc4Lph++IaSQQ6AhnOkU3DKPGEkY2isZyukdCRm2jUqN5sjwN3BT6yckrhS1Hz40
0rHZ+9cpgmYGpGH9lPy4E6fseZnSkhSIWgqEA530KUlM39SyZw7ihD7KwD3xuxHp
A10yUBc7DzwzLhBSrTQbeJ21lCUe7eBlaPJzc7h+rAObXmymSIU/urFvBJssUuWB
w1aQ69Bq91igRzvAbwTyzB3++3fUcDX07egm3u00nCdH1e2n5WuiWL2f0YDHUUuT
xpYdj3sYWr/pUhW+xW0z2oZRCeOEBdVu1MBITLxDZWYSALt1gnFc1su4Pq7pvXkX
VU/ggep0NYcrrNPlBWHDa9hBZGNKX7vFixA9JojQ1djiNx0D6CmGenZEqxe7wKOx
XVklKp/2i/r7s9KbXJTiiaA89M0hJ4mLaYLlH39ROrgf4DFZYFFwZvmW1yHO7BKe
DTe6CcqPTjtCr1RRBrDL/9l9FYLaXBihVnqVHPdYguYVKJeYNH1f7gQk3/TM3ZMr
pfO/JS91XBJEcV7/iOAeWB8bOo7QlRwyKmfw/bUQqAgzQZUls2UfRAd41q1pzEqk
rSw40W6m0bosanlr76OBAoIBAQD8HKwZPqUT1rCXSfBVESwfbgnxdCYWN0JpYc1c
ikRuXIg/tBNl4e/wsgf7d2Ai4UlpDkb8++FZErFR+iJdWotLeumavLI7cniBniDG
oayv82Z7LRldqRevjahyHA58PsJRF2YX+3QFyAAw43VhocHDBnN8kHxwR2DyqU2y
IYD0c2szo/gq0cR3+hXtiygfquq0U6uq6XUx36q6WWFtfMXi1yd+3kPehi5T/86Q
dG4YdoHhas9id5dil9dPgd8yoGz2UpDjZSsQWbx8Zd8xYAvOeNGVHU/8KApRPnrM
gmS6f8Q/qjXTyRpXbqEOIMwoB2T9VCepq4lgbCXOqw/J4HLbAoIBAQDKBhtSyBxk
wun8HDyiUpGMCTND2lMnKL49uqcLCf65oeWrdc6wg9BML/QN/wpys/Lw4sU3U/t2
R9yAzrSO8S9I3y2mva9XHkBqquq1yfTxEJSbhj+NHC31kO6zJBm4dlEuuaMjvPrD
TU7oNEOXadaxhAWLqa1N36zEUF2rRWuphQDoZvq1TudjUffGwpbCbGEa31Qnzkus
Adz6d0SJ14Gv/N85DNORRozIzKbAcD7gagyKU7ICs32y55zZ4n7VRY0jpP5EEllz
BhhdP9Rku1GbF+3cEz3+nlUGZ507m8z7wOnTjiFAkrJ7cUJCprJZgQuhH84SNI7z
GzNpdaBpEZyxAoIBAH1Us6mJHv+RxxAuza88bjbhuUezegupRPamjDTo98P1dDZX
Cx2nCGUb3CQC4GP2o0v6sQerIAfr5wLd2p+WF5FadS9bhy9OZOHq/lhAn1yJH/U0
IlwRZ5j6TzcLA5h4iplNjI93jeIh3xZuvTff9jdByb+vBG28zlFUIS/gv/7GMhDl
/sUqqwUJ6kTA3R2BFlS3E6xPitdUXcduD6UiVi3Cz/ud+xdwlS9lCAeAGgtHPqIV
Oyu0UCnPWlZINfExF3oM6cJh1Nq4AZ/F9QLSwIvQPEBo5g5wyVBCQ0HPwMuGIMWV
lFTIsLOuZ5pia5uqsWXOpDkQ8aZhnRn0qFCvp+kCggEBAI3L0Xu+BufWQwL4Errf
91Zx0rCqWbjfiP+stbgy0L4cWyaIboVIT3haJBN60iuGEFtw33mhEZuIfsVN0D+Q
G18rflBNTPd5vT7hLhJgaPKWb6flh0+U2tFEY7YK/Z6SNRL1qwLXjq5r4ZlrrZFl
8RHxly7a7k/9UbcMrWIcPJ/kQandNdTyR8hXbPDt/YEDLvj8jYXO7yAQwrht5AZX
46fRdiAF161c9k2uDtB9ODStWpXwfr4Um4JpvJbVua4ZviGpmenPc0cfnRQ+S+ZT
78hK+GGCg/3lxcnUCfEfvrVpRvV9CevXyzyHVzmO5RmbUL1LpIj0qO0LR3+a1vdI
LFECggEAGLQfyK31VL7GBEPBMDgdC9e/xHCT8EIYAGqjalAUO3noO2JGIPVgj77u
oYL5w4pAj7yjUXL94UtxjiKX/V9LnlRccl9V/ZO7Qud2HDU3HxOoLW4yFYuflFNU
ZnPth4QiXcdhBAVoyTis1vyRE9jNYwuMc+5vj0hH66eZnG6JGbf6h55wwA/t4b8r
4/CRThZ1NKRpGgupQYeZ2Upp/cUCE/uYCxsd9JgcHWgVMV1f4KIPlFky56pLUmq+
MmO4WjVXJPd+VVwfhaXifjJYLnTXYR8mv0keE5Rgn6fzkb+fbY4BWnTP8bjFjJ4J
Iez/75mss90ixR/j8J5evOLrzBFC8A==
-----END PRIVATE KEY-----
","-----BEGIN PUBLIC KEY-----
MIICIjANBgkqhkiG9w0BAQEFAAOCAg8AMIICCgKCAgEAxvSjYIBt4AkLbf0a+pJy
6JPcmkpGPJIC1jMCb51WOFw+BTU4SDUPSN8sFEt96scSBw7YQY5utCBv7HykL7iu
DdRM35I6nE41VBc+pnmyoySXqHL5Q/npqRd1VtGx662Nv2qbtsa0aj3FcNkzTaYB
qTFMXzXm9ojNlV9V8Pmi4kWMr2e2GYi/VJhiFTG2jT2KPs8d9E7yoWrKrMbzmVfY
cqBcEcFt4TOSH4i1uHJ51ZjpTXLKeVg2s/maY44At7qH9KTuVgNuQNEMpikq2a+7
CFJNMXNL23busf5T0xdraxErC29XRFSahI4XVU/VyoJ1hDe+jOaDAhUd9Dyps+lk
bB/ay2gt0v6Z2/0Z8Eme6S6pwckbf7BzFUeTh91o+8l+r3Uo+04J89Lx5ZbrOo8I
9ysMu7HOeul5ejkHdxDixuIBXyvNS6A76dBCTQl2vwFdRbgjne76J+TqQ0hiXnKR
LgaVLXnFDL1/VPGBubn+w226f1t7+ab2I8SstAvnu1huk4EObp4UAFg8SRs+OY3L
5hEno5/mdEZs1juIMXR0A26MbFMEZn7vH6llXdxgHqHbXIGIpYZObSBxr9QntOwy
43HqrWwDoRjVGDoqKU9CPSSbXfPxLEniy8/FVPQtPTVij2i6plfDOLOxUVCJ2a10
G3J00r8ApHveZ5Q70s233WsCAwEAAQ==
-----END PUBLIC KEY-----
",SHA256:gviXGP18ZLHBpzOJo0PFlpbf8zRcVkpH0wCE+Yujp84,1,_NULL_,_NULL_,"2026-01-20 09:00:00",1,"2026-01-20 09:00:00",1,_NULL_,_NULL_,1
